n_nodes,n_req,n_msg,exec_time,alpha,tot_utility,jaini,count_assigned,count_unassigned,time_instant,tot_gpu_jobs,tot_gpu_nodes,assigned_sum_gpu,tot_used_gpu,unassigned_sum_gpu,tot_cpu_jobs,tot_cpu_nodes,assigned_sum_cpu,tot_used_cpu,unassigned_sum_cpu,tot_bw_jobs,tot_bw_nodes,assigned_sum_bw,tot_used_bw,unassigned_sum_bw,first_failure_after,node_0_jobs,node_0_utility,node_0_initial_gpu,node_0_updated_gpu,node_0_used_gpu,node_0_initial_cpu,node_0_updated_cpu,node_0_used_cpu,node_0_initial_bw,node_0_updated_bw,node_0_used_bw,node_1_jobs,node_1_utility,node_1_initial_gpu,node_1_updated_gpu,node_1_used_gpu,node_1_initial_cpu,node_1_updated_cpu,node_1_used_cpu,node_1_initial_bw,node_1_updated_bw,node_1_used_bw,node_2_jobs,node_2_utility,node_2_initial_gpu,node_2_updated_gpu,node_2_used_gpu,node_2_initial_cpu,node_2_updated_cpu,node_2_used_cpu,node_2_initial_bw,node_2_updated_bw,node_2_used_bw,node_3_jobs,node_3_utility,node_3_initial_gpu,node_3_updated_gpu,node_3_used_gpu,node_3_initial_cpu,node_3_updated_cpu,node_3_used_cpu,node_3_initial_bw,node_3_updated_bw,node_3_used_bw
4,20,0,0.00011897087097167969,1.0,0,1,0,0,0,200.0,249008861.82999998,0,0,0,1800.0,2258703793.34,0,0,0,100858.76,400000000000,0,0,0,0,0,0,33093386.66,33093386.66,0,565430933.32,565430933.32,0,100000000000,100000000000,0,0,0,93590849.71,93590849.71,0,618933181.33,618933181.33,0,100000000000,100000000000,0,0,0,86073240.95,86073240.95,0,471582088.68,471582088.68,0,100000000000,100000000000,0,0,0,36251384.51,36251384.51,0,602757590.01,602757590.01,0,100000000000,100000000000,0
4,20,840,10.643951416015625,1.0,48.0,1.0,6,0,1,200.0,249008861.82999998,300.0,300.0,0,1800.0,2258703793.34,4400.0,4400.0,0,100858.76,400000000000,23127.12,64581.42,0,6,6,12.0,33093386.66,33093311.66,75.0,565430933.32,565429833.32,1100.0,100000000000,99999981137.6,18862.4,6,12.0,93590849.71,93590774.71,75.0,618933181.33,618932081.33,1100.0,100000000000,99999988436.44,11563.56,6,12.0,86073240.95,86073165.95,75.0,471582088.68,471580988.68,1100.0,100000000000,99999988436.44,11563.56,6,12.0,36251384.51,36251309.51,75.0,602757590.01,602756490.01,1100.0,100000000000,99999977408.1,22591.9
4,20,2684,10.647835493087769,1.0,48.0,1.0,6,0,2,200.0,249008861.82999998,500.0,800.0,0,1800.0,2258703793.34,4600.0,9000.0,0,100858.76,400000000000,36241.06,155184.09,0,6,6,12.0,33093386.66,33093186.66,200.0,565430933.32,565428683.32,2250.0,100000000000,99999963017.06,36982.94,6,12.0,93590849.71,93590649.71,200.0,618933181.33,618930931.33,2250.0,100000000000,99999970315.91,29684.09,6,12.0,86073240.95,86073040.95,200.0,471582088.68,471579838.68,2250.0,100000000000,99999970315.91,29684.09,6,12.0,36251384.51,36251184.51,200.0,602757590.01,602755340.01,2250.0,100000000000,99999941167.03,58832.97
4,20,5424,10.674663305282593,1.0,48.0,1.0,6,0,3,200.0,249008861.82999998,385.0,960.0,0,1800.0,2258703793.34,5420.0,11620.0,0,100858.76,400000000000,33515.88,257725.39,0,6,6,12.0,33093386.66,33093146.66,240.0,565430933.32,565428028.32,2905.0,100000000000,99999927507.51,72492.49,6,12.0,93590849.71,93590609.71,240.0,618933181.33,618930276.33,2905.0,100000000000,99999953557.97,46442.03,6,12.0,86073240.95,86073000.95,240.0,471582088.68,471579183.68,2905.0,100000000000,99999953557.97,46442.03,6,12.0,36251384.51,36251144.51,240.0,602757590.01,602754685.01,2905.0,100000000000,99999907651.16,92348.84
4,20,0,9.107589721679688e-05,1.0,0,1,0,0,0,2000.0,281874211.93,0,0,0,4800.0,2693049939.52,0,0,0,107649.38,400000000000,0,0,0,0,0,0,51330536.22,51330536.22,0,675768293.56,675768293.56,0,100000000000,100000000000,0,0,0,88635700.71,88635700.71,0,619053595.04,619053595.04,0,100000000000,100000000000,0,0,0,96084381.3,96084381.3,0,637758427.95,637758427.95,0,100000000000,100000000000,0,0,0,45823593.7,45823593.7,0,760469622.97,760469622.97,0,100000000000,100000000000,0
4,20,826,10.65394926071167,1.0,48.0,1.0,6,0,1,2000.0,281874211.93,2410.0,2410.0,0,4800.0,2693049939.52,10800.0,10800.0,0,107649.38,400000000000,26521.22,66996.74,0,6,6,12.0,51330536.22,51329933.72,602.5,675768293.56,675765593.56,2700.0,100000000000,99999977783.56,22216.44,6,12.0,88635700.71,88635098.21,602.5,619053595.04,619050895.04,2700.0,100000000000,99999986739.39,13260.61,6,12.0,96084381.3,96083778.8,602.5,637758427.95,637755727.95,2700.0,100000000000,99999986739.39,13260.61,6,12.0,45823593.7,45822991.2,602.5,760469622.97,760466922.97,2700.0,100000000000,99999981740.92,18259.08
4,20,2344,10.652933120727539,1.0,48.0,1.0,6,0,2,2000.0,281874211.93,460.0,2870.0,0,4800.0,2693049939.52,6200.0,17000.0,0,107649.38,400000000000,29003.3,139504.99,0,6,6,12.0,51330536.22,51329818.72,717.5,675768293.56,675764043.56,4250.0,100000000000,99999955654.53,44345.47,6,12.0,88635700.71,88634983.21,717.5,619053595.04,619049345.04,4250.0,100000000000,99999972237.74,27762.26,6,12.0,96084381.3,96083663.8,717.5,637758427.95,637754177.95,4250.0,100000000000,99999972237.74,27762.26,6,12.0,45823593.7,45822876.2,717.5,760469622.97,760465372.97,4250.0,100000000000,99999960365.0,39635.0
4,20,4838,10.659722805023193,1.0,48.0,1.0,6,0,3,2000.0,281874211.93,420.0,1080.0,0,4800.0,2693049939.52,7800.0,19000.0,0,107649.38,400000000000,40222.79,258179.67,0,6,6,12.0,51330536.22,51330266.22,270.0,675768293.56,675763543.56,4750.0,100000000000,99999921382.78,78617.22,6,12.0,88635700.71,88635430.71,270.0,619053595.04,619048845.04,4750.0,100000000000,99999952126.35,47873.65,6,12.0,96084381.3,96084111.3,270.0,637758427.95,637753677.95,4750.0,100000000000,99999952126.35,47873.65,6,12.0,45823593.7,45823323.7,270.0,760469622.97,760464872.97,4750.0,100000000000,99999916184.85,83815.15
4,20,0,0.00010037422180175781,1.0,0,1,0,0,0,300.0,197811029.5,0,0,0,1800.0,2677469723.77,0,0,0,101313.89,400000000000,0,0,0,0,0,0,35773007.05,35773007.05,0,476507197.39,476507197.39,0,100000000000,100000000000,0,0,0,52062689.01,52062689.01,0,627047389.35,627047389.35,0,100000000000,100000000000,0,0,0,40442200.02,40442200.02,0,712360611.47,712360611.47,0,100000000000,100000000000,0,0,0,69533133.42,69533133.42,0,861554525.56,861554525.56,0,100000000000,100000000000,0
4,20,796,10.653212308883667,1.0,48.0,1.0,6,0,1,300.0,197811029.5,495.0,495.0,0,1800.0,2677469723.77,5200.0,5200.0,0,101313.89,400000000000,28153.77,57669.75,0,6,6,12.0,35773007.05,35772883.3,123.75,476507197.39,476505897.39,1300.0,100000000000,99999985923.12,14076.88,6,12.0,52062689.01,52062565.26,123.75,627047389.35,627046089.35,1300.0,100000000000,99999985923.12,14076.88,6,12.0,40442200.02,40442076.27,123.75,712360611.47,712359311.47,1300.0,100000000000,99999984560.89,15439.11,6,12.0,69533133.42,69533009.67,123.75,861554525.56,861553225.56,1300.0,100000000000,99999985923.12,14076.88
4,20,2526,10.691229581832886,1.0,48.0,1.0,6,0,2,300.0,197811029.5,275.0,770.0,0,1800.0,2677469723.77,4040.0,9240.0,0,101313.89,400000000000,35818.22,129306.22,0,6,6,12.0,35773007.05,35772814.55,192.5,476507197.39,476504887.39,2310.0,100000000000,99999968014.0,31986.0,6,12.0,52062689.01,52062496.51,192.5,627047389.35,627045079.35,2310.0,100000000000,99999968014.0,31986.0,6,12.0,40442200.02,40442007.52,192.5,712360611.47,712358301.47,2310.0,100000000000,99999966651.78,33348.22,6,12.0,69533133.42,69532940.92,192.5,861554525.56,861552215.56,2310.0,100000000000,99999968014.0,31986.0
4,20,5232,10.666181087493896,1.0,48.0,1.0,6,0,3,300.0,197811029.5,460.0,785.0,0,1800.0,2677469723.77,5200.0,10240.0,0,101313.89,400000000000,27963.47,185233.14,0,6,6,12.0,35773007.05,35772810.8,196.25,476507197.39,476504637.39,2560.0,100000000000,99999954032.27,45967.73,6,12.0,52062689.01,52062492.76,196.25,627047389.35,627044829.35,2560.0,100000000000,99999954032.27,45967.73,6,12.0,40442200.02,40442003.77,196.25,712360611.47,712358051.47,2560.0,100000000000,99999952670.05,47329.95,6,12.0,69533133.42,69532937.17,196.25,861554525.56,861551965.56,2560.0,100000000000,99999954032.27,45967.73
4,20,8164,10.236014604568481,1.0,16.0,1.0,2,0,4,300.0,197811029.5,200.0,825.0,0,1800.0,2677469723.77,2400.0,11020.0,0,101313.89,400000000000,9378.43,203989.99,0,2,2,4.0,35773007.05,35772800.8,206.25,476507197.39,476504442.39,2755.0,100000000000,99999949343.06,50656.94,2,4.0,52062689.01,52062482.76,206.25,627047389.35,627044634.35,2755.0,100000000000,99999949343.06,50656.94,2,4.0,40442200.02,40441993.77,206.25,712360611.47,712357856.47,2755.0,100000000000,99999947980.83,52019.17,2,4.0,69533133.42,69532927.17,206.25,861554525.56,861551770.56,2755.0,100000000000,99999949343.06,50656.94
4,20,11120,5.011714935302734,1.0,0,1,0,0,5,300.0,197811029.5,0,550.0,0,1800.0,2677469723.77,0,6400.0,0,101313.89,400000000000,0,203989.99,0,0,0,0,35773007.05,35772869.55,137.5,476507197.39,476505597.39,1600.0,100000000000,99999949343.06,50656.94,0,0,52062689.01,52062551.51,137.5,627047389.35,627045789.35,1600.0,100000000000,99999949343.06,50656.94,0,0,40442200.02,40442062.52,137.5,712360611.47,712359011.47,1600.0,100000000000,99999947980.83,52019.17,0,0,69533133.42,69532995.92,137.5,861554525.56,861552925.56,1600.0,100000000000,99999949343.06,50656.94
4,20,14096,15.035897731781006,1.0,0,1,0,0,6,300.0,197811029.5,0,100.0,0,1800.0,2677469723.77,0,1800.0,0,101313.89,400000000000,0,203989.99,0,0,0,0,35773007.05,35772982.05,25.0,476507197.39,476506747.39,450.0,100000000000,99999949343.06,50656.94,0,0,52062689.01,52062664.01,25.0,627047389.35,627046939.35,450.0,100000000000,99999949343.06,50656.94,0,0,40442200.02,40442175.02,25.0,712360611.47,712360161.47,450.0,100000000000,99999947980.83,52019.17,0,0,69533133.42,69533108.42,25.0,861554525.56,861554075.56,450.0,100000000000,99999949343.06,50656.94
4,20,0,8.821487426757812e-05,1.0,0,1,0,0,0,400.0,272128528.19,0,0,0,6000.0,1624827105.9499998,0,0,0,106270.19,400000000000,0,0,0,0,0,0,36134777.49,36134777.49,0,482000398.01,482000398.01,0,100000000000,100000000000,0,0,0,97081165.6,97081165.6,0,437697407.07,437697407.07,0,100000000000,100000000000,0,0,0,52881570.27,52881570.27,0,397593539.39,397593539.39,0,100000000000,100000000000,0,0,0,86031014.83,86031014.83,0,307535761.48,307535761.48,0,100000000000,100000000000,0
4,20,970,10.678684711456299,1.0,48.0,1.0,6,0,1,400.0,272128528.19,685.0,685.0,0,6000.0,1624827105.9499998,8420.0,8420.0,0,106270.19,400000000000,30200.28,60400.56,0,6,6,12.0,36134777.49,36134606.24,171.25,482000398.01,481998293.01,2105.0,100000000000,99999984899.86,15100.14,6,12.0,97081165.6,97080994.35,171.25,437697407.07,437695302.07,2105.0,100000000000,99999984899.86,15100.14,6,12.0,52881570.27,52881399.02,171.25,397593539.39,397591434.39,2105.0,100000000000,99999984899.86,15100.14,6,12.0,86031014.83,86030843.58,171.25,307535761.48,307533656.48,2105.0,100000000000,99999984899.86,15100.14
4,20,2816,10.645946502685547,1.0,48.0,1.0,6,0,2,400.0,272128528.19,560.0,1245.0,0,6000.0,1624827105.9499998,9000.0,17420.0,0,106270.19,400000000000,34443.32,129287.2,0,6,6,12.0,36134777.49,36134466.24,311.25,482000398.01,481996043.01,4355.0,100000000000,99999967678.2,32321.8,6,12.0,97081165.6,97080854.35,311.25,437697407.07,437693052.07,4355.0,100000000000,99999967678.2,32321.8,6,12.0,52881570.27,52881259.02,311.25,397593539.39,397589184.39,4355.0,100000000000,99999967678.2,32321.8,6,12.0,86031014.83,86030703.58,311.25,307535761.48,307531406.48,4355.0,100000000000,99999967678.2,32321.8
4,20,5636,10.645991325378418,1.0,48.0,1.0,6,0,3,400.0,272128528.19,425.0,1135.0,0,6000.0,1624827105.9499998,3200.0,14600.0,0,106270.19,400000000000,33651.89,196590.96,0,6,6,12.0,36134777.49,36134493.74,283.75,482000398.01,481996748.01,3650.0,100000000000,99999950852.26,49147.74,6,12.0,97081165.6,97080881.85,283.75,437697407.07,437693757.07,3650.0,100000000000,99999950852.26,49147.74,6,12.0,52881570.27,52881286.52,283.75,397593539.39,397589889.39,3650.0,100000000000,99999950852.26,49147.74,6,12.0,86031014.83,86030731.08,283.75,307535761.48,307532111.48,3650.0,100000000000,99999950852.26,49147.74
4,20,0,0.00010323524475097656,1.0,0,1,0,0,0,300.0,96566454.33,0,0,0,7200.0,2306061112.81,0,0,0,114451.42,400000000000,0,0,0,0,0,0,34526377.21,34526377.21,0,734283956.78,734283956.78,0,100000000000,100000000000,0,0,0,31563262.58,31563262.58,0,544598221.82,544598221.82,0,100000000000,100000000000,0,0,0,10491129.9,10491129.9,0,456199430.54,456199430.54,0,100000000000,100000000000,0,0,0,19985684.64,19985684.64,0,570979503.67,570979503.67,0,100000000000,100000000000,0
4,20,902,11.660959720611572,1.0,48.0,1.0,6,0,1,300.0,96566454.33,215.0,215.0,0,7200.0,2306061112.81,4900.0,4900.0,0,114451.42,400000000000,41253.77,103134.44,0,6,6,12.0,34526377.21,34526323.46,53.75,734283956.78,734282731.78,1225.0,100000000000,99999979373.11,20626.89,6,12.0,31563262.58,31563208.83,53.75,544598221.82,544596996.82,1225.0,100000000000,99999979373.11,20626.89,6,12.0,10491129.9,10491076.15,53.75,456199430.54,456198205.54,1225.0,100000000000,99999958746.23,41253.77,6,12.0,19985684.64,19985630.89,53.75,570979503.67,570978278.67,1225.0,100000000000,99999979373.11,20626.89
4,20,2952,12.158135175704956,1.0,48.0,1.0,6,0,2,300.0,96566454.33,435.0,650.0,0,7200.0,2306061112.81,8200.0,13100.0,0,114451.42,400000000000,30005.86,163146.16,0,6,6,12.0,34526377.21,34526214.71,162.5,734283956.78,734280681.78,3275.0,100000000000,99999964370.18,35629.82,6,12.0,31563262.58,31563100.08,162.5,544598221.82,544594946.82,3275.0,100000000000,99999964370.18,35629.82,6,12.0,10491129.9,10490967.4,162.5,456199430.54,456196155.54,3275.0,100000000000,99999943743.3,56256.7,6,12.0,19985684.64,19985522.14,162.5,570979503.67,570976228.67,3275.0,100000000000,99999964370.18,35629.82
4,20,5772,11.647834062576294,1.0,48.0,1.0,6,0,3,300.0,96566454.33,185.0,655.0,0,7200.0,2306061112.81,2920.0,12320.0,0,114451.42,400000000000,32273.61,243830.18,0,6,6,12.0,34526377.21,34526213.46,163.75,734283956.78,734280876.78,3080.0,100000000000,99999948233.38,51766.62,6,12.0,31563262.58,31563098.83,163.75,544598221.82,544595141.82,3080.0,100000000000,99999948233.38,51766.62,6,12.0,10491129.9,10490966.15,163.75,456199430.54,456196350.54,3080.0,100000000000,99999911469.68,88530.32,6,12.0,19985684.64,19985520.89,163.75,570979503.67,570976423.67,3080.0,100000000000,99999948233.38,51766.62
4,20,8946,11.250757217407227,1.0,16.0,1.0,2,0,4,300.0,96566454.33,350.0,645.0,0,7200.0,2306061112.81,7800.0,12920.0,0,114451.42,400000000000,10918.17,274129.06,0,2,2,4.0,34526377.21,34526215.96,161.25,734283956.78,734280726.78,3230.0,100000000000,99999942774.29,57225.71,2,4.0,31563262.58,31563101.33,161.25,544598221.82,544594991.82,3230.0,100000000000,99999942774.29,57225.71,2,4.0,10491129.9,10490968.65,161.25,456199430.54,456196200.54,3230.0,100000000000,99999897548.07,102451.93,2,4.0,19985684.64,19985523.39,161.25,570979503.67,570976273.67,3230.0,100000000000,99999942774.29,57225.71
4,20,12148,6.011516571044922,1.0,0,1,0,0,5,300.0,96566454.33,0,425.0,0,7200.0,2306061112.81,0,9000.0,0,114451.42,400000000000,0,274129.06,0,0,0,0,34526377.21,34526270.96,106.25,734283956.78,734281706.78,2250.0,100000000000,99999942774.29,57225.71,0,0,31563262.58,31563156.33,106.25,544598221.82,544595971.82,2250.0,100000000000,99999942774.29,57225.71,0,0,10491129.9,10491023.65,106.25,456199430.54,456197180.54,2250.0,100000000000,99999897548.07,102451.93,0,0,19985684.64,19985578.39,106.25,570979503.67,570977253.67,2250.0,100000000000,99999942774.29,57225.71
4,20,15362,17.037396669387817,1.0,0,1,0,0,6,300.0,96566454.33,0,300.0,0,7200.0,2306061112.81,0,7200.0,0,114451.42,400000000000,0,274129.06,0,0,0,0,34526377.21,34526302.21,75.0,734283956.78,734282156.78,1800.0,100000000000,99999942774.29,57225.71,0,0,31563262.58,31563187.58,75.0,544598221.82,544596421.82,1800.0,100000000000,99999942774.29,57225.71,0,0,10491129.9,10491054.9,75.0,456199430.54,456197630.54,1800.0,100000000000,99999897548.07,102451.93,0,0,19985684.64,19985609.64,75.0,570979503.67,570977703.67,1800.0,100000000000,99999942774.29,57225.71
4,20,0,0.00012922286987304688,1.0,0,1,0,0,0,1600.0,255236499.04,0,0,0,7200.0,1486709991.75,0,0,0,89889.63,400000000000,0,0,0,0,0,0,67405446.49,67405446.49,0,298967831.39,298967831.39,0,100000000000,100000000000,0,0,0,44897190.67,44897190.67,0,404557743.04,404557743.04,0,100000000000,100000000000,0,0,0,96796874.42,96796874.42,0,501559106.11,501559106.11,0,100000000000,100000000000,0,0,0,46136987.46,46136987.46,0,281625311.21,281625311.21,0,100000000000,100000000000,0
4,20,850,11.635891914367676,1.0,48.0,1.0,6,0,1,1600.0,255236499.04,1975.0,1975.0,0,7200.0,1486709991.75,3800.0,3800.0,0,89889.63,400000000000,25797.13,51594.24,0,6,6,12.0,67405446.49,67404952.74,493.75,298967831.39,298966881.39,950.0,100000000000,99999987101.44,12898.56,6,12.0,44897190.67,44896696.92,493.75,404557743.04,404556793.04,950.0,100000000000,99999987101.44,12898.56,6,12.0,96796874.42,96796380.67,493.75,501559106.11,501558156.11,950.0,100000000000,99999987101.44,12898.56,6,12.0,46136987.46,46136493.71,493.75,281625311.21,281624361.21,950.0,100000000000,99999987101.44,12898.56
4,20,2630,12.139748811721802,1.0,48.0,1.0,6,0,2,1600.0,255236499.04,755.0,2730.0,0,7200.0,1486709991.75,11400.0,15200.0,0,89889.63,400000000000,33004.32,117602.88,0,6,6,12.0,67405446.49,67404763.99,682.5,298967831.39,298964031.39,3800.0,100000000000,99999970599.28,29400.72,6,12.0,44897190.67,44896508.17,682.5,404557743.04,404553943.04,3800.0,100000000000,99999970599.28,29400.72,6,12.0,96796874.42,96796191.92,682.5,501559106.11,501555306.11,3800.0,100000000000,99999970599.28,29400.72,6,12.0,46136987.46,46136304.96,682.5,281625311.21,281621511.21,3800.0,100000000000,99999970599.28,29400.72
4,20,5450,11.65267825126648,1.0,48.0,1.0,6,0,3,1600.0,255236499.04,469.0,1374.0,0,7200.0,1486709991.75,9400.0,22000.0,0,89889.63,400000000000,24183.92,165970.72,0,6,6,12.0,67405446.49,67405102.99,343.5,298967831.39,298962331.39,5500.0,100000000000,99999958507.32,41492.68,6,12.0,44897190.67,44896847.17,343.5,404557743.04,404552243.04,5500.0,100000000000,99999958507.32,41492.68,6,12.0,96796874.42,96796530.92,343.5,501559106.11,501553606.11,5500.0,100000000000,99999958507.32,41492.68,6,12.0,46136987.46,46136643.96,343.5,281625311.21,281619811.21,5500.0,100000000000,99999958507.32,41492.68
4,20,8580,12.0532808303833,1.0,16.0,1.0,2,0,4,1600.0,255236499.04,125.0,699.0,0,7200.0,1486709991.75,1200.0,11800.0,0,89889.63,400000000000,6904.26,179779.24,0,2,2,4.0,67405446.49,67405271.74,174.75,298967831.39,298964881.39,2950.0,100000000000,99999955055.19,44944.81,2,4.0,44897190.67,44897015.92,174.75,404557743.04,404554793.04,2950.0,100000000000,99999955055.19,44944.81,2,4.0,96796874.42,96796699.67,174.75,501559106.11,501556156.11,2950.0,100000000000,99999955055.19,44944.81,2,4.0,46136987.46,46136812.71,174.75,281625311.21,281622361.21,2950.0,100000000000,99999955055.19,44944.81
4,20,11730,6.010620594024658,1.0,0,1,0,0,5,1600.0,255236499.04,0,389.0,0,7200.0,1486709991.75,0,8800.0,0,89889.63,400000000000,0,179779.24,0,0,0,0,67405446.49,67405349.24,97.25,298967831.39,298965631.39,2200.0,100000000000,99999955055.19,44944.81,0,0,44897190.67,44897093.42,97.25,404557743.04,404555543.04,2200.0,100000000000,99999955055.19,44944.81,0,0,96796874.42,96796777.17,97.25,501559106.11,501556906.11,2200.0,100000000000,99999955055.19,44944.81,0,0,46136987.46,46136890.21,97.25,281625311.21,281623111.21,2200.0,100000000000,99999955055.19,44944.81
4,20,14896,17.036200761795044,1.0,0,1,0,0,6,1600.0,255236499.04,0,100.0,0,7200.0,1486709991.75,0,600.0,0,89889.63,400000000000,0,179779.24,0,0,0,0,67405446.49,67405421.49,25.0,298967831.39,298967681.39,150.0,100000000000,99999955055.19,44944.81,0,0,44897190.67,44897165.67,25.0,404557743.04,404557593.04,150.0,100000000000,99999955055.19,44944.81,0,0,96796874.42,96796849.42,25.0,501559106.11,501558956.11,150.0,100000000000,99999955055.19,44944.81,0,0,46136987.46,46136962.46,25.0,281625311.21,281625161.21,150.0,100000000000,99999955055.19,44944.81
4,20,0,9.1552734375e-05,1.0,0,1,0,0,0,500.0,236817224.14,0,0,0,8000.0,1590686311.1100001,0,0,0,134302.91,400000000000,0,0,0,0,0,0,91672190.0,91672190.0,0,299080498.91,299080498.91,0,100000000000,100000000000,0,0,0,39208242.41,39208242.41,0,289320734.76,289320734.76,0,100000000000,100000000000,0,0,0,31766725.59,31766725.59,0,526811670.61,526811670.61,0,100000000000,100000000000,0,0,0,74170066.14,74170066.14,0,475473406.83,475473406.83,0,100000000000,100000000000,0
4,20,798,10.659471988677979,1.0,48.0,1.0,6,0,1,500.0,236817224.14,750.0,750.0,0,8000.0,1590686311.1100001,9700.0,9700.0,0,134302.91,400000000000,28036.48,69512.71,0,6,6,12.0,91672190.0,91672002.5,187.5,299080498.91,299078073.91,2425.0,100000000000,99999985981.76,14018.24,6,12.0,39208242.41,39208054.91,187.5,289320734.76,289318309.76,2425.0,100000000000,99999985981.76,14018.24,6,12.0,31766725.59,31766538.09,187.5,526811670.61,526809245.61,2425.0,100000000000,99999972542.01,27457.99,6,12.0,74170066.14,74169878.64,187.5,475473406.83,475470981.83,2425.0,100000000000,99999985981.76,14018.24
4,20,2626,10.661265134811401,1.0,48.0,1.0,6,0,2,500.0,236817224.14,810.0,1560.0,0,8000.0,1590686311.1100001,11400.0,21100.0,0,134302.91,400000000000,27946.02,137919.3,0,6,6,12.0,91672190.0,91671800.0,390.0,299080498.91,299075223.91,5275.0,100000000000,99999972008.75,27991.25,6,12.0,39208242.41,39207852.41,390.0,289320734.76,289315459.76,5275.0,100000000000,99999972008.75,27991.25,6,12.0,31766725.59,31766335.59,390.0,526811670.61,526806395.61,5275.0,100000000000,99999946054.45,53945.55,6,12.0,74170066.14,74169676.14,390.0,475473406.83,475468131.83,5275.0,100000000000,99999972008.75,27991.25
4,20,5490,10.638680219650269,1.0,48.0,1.0,6,0,3,500.0,236817224.14,365.0,1800.0,0,8000.0,1590686311.1100001,4300.0,24200.0,0,134302.91,400000000000,66418.34,287317.29,0,6,6,12.0,91672190.0,91671740.0,450.0,299080498.91,299074448.91,6050.0,100000000000,99999938799.58,61200.42,6,12.0,39208242.41,39207792.41,450.0,289320734.76,289314684.76,6050.0,100000000000,99999938799.58,61200.42,6,12.0,31766725.59,31766275.59,450.0,526811670.61,526805620.61,6050.0,100000000000,99999896283.97,103716.03,6,12.0,74170066.14,74169616.14,450.0,475473406.83,475467356.83,6050.0,100000000000,99999938799.58,61200.42
4,20,8590,10.233107566833496,1.0,16.0,1.0,2,0,4,500.0,236817224.14,110.0,975.0,0,8000.0,1590686311.1100001,1200.0,13500.0,0,134302.91,400000000000,11902.08,313115.12,0,2,2,4.0,91672190.0,91671946.25,243.75,299080498.91,299077123.91,3375.0,100000000000,99999932848.54,67151.46,2,4.0,39208242.41,39207998.66,243.75,289320734.76,289317359.76,3375.0,100000000000,99999932848.54,67151.46,2,4.0,31766725.59,31766481.84,243.75,526811670.61,526808295.61,3375.0,100000000000,99999888339.26,111660.74,2,4.0,74170066.14,74169822.39,243.75,475473406.83,475470031.83,3375.0,100000000000,99999932848.54,67151.46
4,20,11706,5.008607387542725,1.0,0,1,0,0,5,500.0,236817224.14,0,225.0,0,8000.0,1590686311.1100001,0,3000.0,0,134302.91,400000000000,0,313115.12,0,0,0,0,91672190.0,91672133.75,56.25,299080498.91,299079748.91,750.0,100000000000,99999932848.54,67151.46,0,0,39208242.41,39208186.16,56.25,289320734.76,289319984.76,750.0,100000000000,99999932848.54,67151.46,0,0,31766725.59,31766669.34,56.25,526811670.61,526810920.61,750.0,100000000000,99999888339.26,111660.74,0,0,74170066.14,74170009.89,56.25,475473406.83,475472656.83,750.0,100000000000,99999932848.54,67151.46
4,20,14838,15.032028675079346,1.0,0,1,0,0,6,500.0,236817224.14,0,100.0,0,8000.0,1590686311.1100001,0,600.0,0,134302.91,400000000000,0,313115.12,0,0,0,0,91672190.0,91672165.0,25.0,299080498.91,299080348.91,150.0,100000000000,99999932848.54,67151.46,0,0,39208242.41,39208217.41,25.0,289320734.76,289320584.76,150.0,100000000000,99999932848.54,67151.46,0,0,31766725.59,31766700.59,25.0,526811670.61,526811520.61,150.0,100000000000,99999888339.26,111660.74,0,0,74170066.14,74170041.14,25.0,475473406.83,475473256.83,150.0,100000000000,99999932848.54,67151.46
4,20,0,0.00013256072998046875,1.0,0,1,0,0,0,500.0,500013873.15999997,0,0,0,7200.0,6179353415.290001,0,0,0,102555.91,400000000000,0,0,0,0,0,0,55661703.26,55661703.26,0,1444403924.99,1444403924.99,0,100000000000,100000000000,0,0,0,181975147.69,181975147.69,0,1506481780.69,1506481780.69,0,100000000000,100000000000,0,0,0,90068630.51,90068630.51,0,1855550132.17,1855550132.17,0,100000000000,100000000000,0,0,0,172308391.7,172308391.7,0,1372917577.44,1372917577.44,0,100000000000,100000000000,0
4,20,912,10.673153162002563,1.0,48.0,1.0,6,0,1,500.0,500013873.15999997,660.0,660.0,0,7200.0,6179353415.290001,9400.0,9400.0,0,102555.91,400000000000,31463.56,64920.79,0,6,6,12.0,55661703.26,55661538.26,165.0,1444403924.99,1444401574.99,2350.0,100000000000,99999984268.22,15731.78,6,12.0,181975147.69,181974982.69,165.0,1506481780.69,1506479430.69,2350.0,100000000000,99999984268.22,15731.78,6,12.0,90068630.51,90068465.51,165.0,1855550132.17,1855547782.17,2350.0,100000000000,99999982274.55,17725.45,6,12.0,172308391.7,172308226.7,165.0,1372917577.44,1372915227.44,2350.0,100000000000,99999984268.22,15731.78
4,20,2736,10.657041549682617,1.0,36.0,0.75,6,0,2,500.0,500013873.15999997,870.0,1530.0,0,7200.0,6179353415.290001,14800.0,24200.0,0,102555.91,400000000000,32167.68,113172.31,0,6,0,0,55661703.26,55661320.76,382.5,1444403924.99,1444397874.99,6050.0,100000000000,99999984268.22,15731.78,6,12.0,181975147.69,181974765.19,382.5,1506481780.69,1506475730.69,6050.0,100000000000,99999968184.38,31815.62,6,12.0,90068630.51,90068248.01,382.5,1855550132.17,1855544082.17,6050.0,100000000000,99999966190.71,33809.29,6,12.0,172308391.7,172308009.2,382.5,1372917577.44,1372911527.44,6050.0,100000000000,99999968184.38,31815.62
4,20,5454,10.663541555404663,1.0,48.0,1.0,6,0,3,500.0,500013873.15999997,730.0,1660.0,0,7200.0,6179353415.290001,11400.0,27800.0,0,102555.91,400000000000,28006.51,185269.16,0,6,6,12.0,55661703.26,55661288.26,415.0,1444403924.99,1444396974.99,6950.0,100000000000,99999954181.13,45818.87,6,12.0,181975147.69,181974732.69,415.0,1506481780.69,1506474830.69,6950.0,100000000000,99999954181.13,45818.87,6,12.0,90068630.51,90068215.51,415.0,1855550132.17,1855543182.17,6950.0,100000000000,99999952187.45,47812.55,6,12.0,172308391.7,172307976.7,415.0,1372917577.44,1372910627.44,6950.0,100000000000,99999954181.13,45818.87
4,20,0,0.00011348724365234375,1.0,0,1,0,0,0,300.0,216070432.33,0,0,0,7200.0,1557853808.5900002,0,0,0,112301.89,400000000000,0,0,0,0,0,0,22506106.14,22506106.14,0,424099638.26,424099638.26,0,100000000000,100000000000,0,0,0,53351752.7,53351752.7,0,431143887.01,431143887.01,0,100000000000,100000000000,0,0,0,55861377.74,55861377.74,0,376318590.67,376318590.67,0,100000000000,100000000000,0,0,0,84351195.75,84351195.75,0,326291692.65,326291692.65,0,100000000000,100000000000,0
4,20,0,0.0001468658447265625,1.0,0,1,0,0,0,1000.0,262692510.82,0,0,0,6000.0,1653238152.63,0,0,0,94567.97,400000000000,0,0,0,0,0,0,52994306.18,52994306.18,0,362316630.32,362316630.32,0,100000000000,100000000000,0,0,0,68460710.24,68460710.24,0,362310440.21,362310440.21,0,100000000000,100000000000,0,0,0,66470903.46,66470903.46,0,401815964.39,401815964.39,0,100000000000,100000000000,0,0,0,74766590.94,74766590.94,0,526795117.71,526795117.71,0,100000000000,100000000000,0
4,20,842,10.649820327758789,1.0,48.0,1.0,6,0,1,1000.0,262692510.82,1500.0,1500.0,0,6000.0,1653238152.63,11600.0,11600.0,0,94567.97,400000000000,24007.54,50008.75,0,6,6,12.0,52994306.18,52993931.18,375.0,362316630.32,362313730.32,2900.0,100000000000,99999987996.23,12003.77,6,12.0,68460710.24,68460335.24,375.0,362310440.21,362307540.21,2900.0,100000000000,99999987996.23,12003.77,6,12.0,66470903.46,66470528.46,375.0,401815964.39,401813064.39,2900.0,100000000000,99999986002.56,13997.44,6,12.0,74766590.94,74766215.94,375.0,526795117.71,526792217.71,2900.0,100000000000,99999987996.23,12003.77
4,20,2752,10.662223100662231,1.0,48.0,1.0,6,0,2,1000.0,262692510.82,370.0,1870.0,0,6000.0,1653238152.63,3600.0,15200.0,0,94567.97,400000000000,35706.23,121421.2,0,6,6,12.0,52994306.18,52993838.68,467.5,362316630.32,362312830.32,3800.0,100000000000,99999970143.12,29856.88,6,12.0,68460710.24,68460242.74,467.5,362310440.21,362306640.21,3800.0,100000000000,99999970143.12,29856.88,6,12.0,66470903.46,66470435.96,467.5,401815964.39,401812164.39,3800.0,100000000000,99999968149.44,31850.56,6,12.0,74766590.94,74766123.44,467.5,526795117.71,526791317.71,3800.0,100000000000,99999970143.12,29856.88
4,20,5568,10.64623236656189,1.0,48.0,1.0,6,0,3,1000.0,262692510.82,380.0,950.0,0,6000.0,1653238152.63,3600.0,8400.0,0,94567.97,400000000000,26879.5,175180.23,0,6,6,12.0,52994306.18,52994068.68,237.5,362316630.32,362314530.32,2100.0,100000000000,99999956703.36,43296.64,6,12.0,68460710.24,68460472.74,237.5,362310440.21,362308340.21,2100.0,100000000000,99999956703.36,43296.64,6,12.0,66470903.46,66470665.96,237.5,401815964.39,401813864.39,2100.0,100000000000,99999954709.69,45290.31,6,12.0,74766590.94,74766353.44,237.5,526795117.71,526793017.71,2100.0,100000000000,99999956703.36,43296.64
4,20,8604,10.250508785247803,1.0,16.0,1.0,2,0,4,1000.0,262692510.82,200.0,600.0,0,6000.0,1653238152.63,1200.0,6000.0,0,94567.97,400000000000,7974.7,191129.6,0,2,2,4.0,52994306.18,52994156.18,150.0,362316630.32,362315130.32,1500.0,100000000000,99999952716.02,47283.98,2,4.0,68460710.24,68460560.24,150.0,362310440.21,362308940.21,1500.0,100000000000,99999952716.02,47283.98,2,4.0,66470903.46,66470753.46,150.0,401815964.39,401814464.39,1500.0,100000000000,99999950722.34,49277.66,2,4.0,74766590.94,74766440.94,150.0,526795117.71,526793617.71,1500.0,100000000000,99999952716.02,47283.98
4,20,11656,5.013292074203491,1.0,0,1,0,0,5,1000.0,262692510.82,0,530.0,0,6000.0,1653238152.63,0,3600.0,0,94567.97,400000000000,0,191129.6,0,0,0,0,52994306.18,52994173.68,132.5,362316630.32,362315730.32,900.0,100000000000,99999952716.02,47283.98,0,0,68460710.24,68460577.74,132.5,362310440.21,362309540.21,900.0,100000000000,99999952716.02,47283.98,0,0,66470903.46,66470770.96,132.5,401815964.39,401815064.39,900.0,100000000000,99999950722.34,49277.66,0,0,74766590.94,74766458.44,132.5,526795117.71,526794217.71,900.0,100000000000,99999952716.02,47283.98
4,20,14728,15.047548055648804,1.0,0,1,0,0,6,1000.0,262692510.82,0,100.0,0,6000.0,1653238152.63,0,600.0,0,94567.97,400000000000,0,191129.6,0,0,0,0,52994306.18,52994281.18,25.0,362316630.32,362316480.32,150.0,100000000000,99999952716.02,47283.98,0,0,68460710.24,68460685.24,25.0,362310440.21,362310290.21,150.0,100000000000,99999952716.02,47283.98,0,0,66470903.46,66470878.46,25.0,401815964.39,401815814.39,150.0,100000000000,99999950722.34,49277.66,0,0,74766590.94,74766565.94,25.0,526795117.71,526794967.71,150.0,100000000000,99999952716.02,47283.98
4,20,0,0.00012230873107910156,1.0,0,1,0,0,0,1000.0,254879143.67000002,0,0,0,6000.0,3107960388.3700004,0,0,0,103643.74,400000000000,0,0,0,0,0,0,42273201.24,42273201.24,0,919397331.46,919397331.46,0,100000000000,100000000000,0,0,0,81182953.71,81182953.71,0,597798765.82,597798765.82,0,100000000000,100000000000,0,0,0,59814912.74,59814912.74,0,705919276.94,705919276.94,0,100000000000,100000000000,0,0,0,71608075.98,71608075.98,0,884845014.15,884845014.15,0,100000000000,100000000000,0
4,20,976,10.676341533660889,1.0,48.0,1.0,6,0,1,1000.0,254879143.67000002,850.0,850.0,0,6000.0,3107960388.3700004,12400.0,12400.0,0,103643.74,400000000000,30270.58,62534.83,0,6,6,12.0,42273201.24,42272988.74,212.5,919397331.46,919394231.46,3100.0,100000000000,99999984864.71,15135.29,6,12.0,81182953.71,81182741.21,212.5,597798765.82,597795665.82,3100.0,100000000000,99999984864.71,15135.29,6,12.0,59814912.74,59814700.24,212.5,705919276.94,705916176.94,3100.0,100000000000,99999982871.04,17128.96,6,12.0,71608075.98,71607863.48,212.5,884845014.15,884841914.15,3100.0,100000000000,99999984864.71,15135.29
4,20,2954,10.654482126235962,1.0,48.0,1.0,6,0,2,1000.0,254879143.67000002,430.0,1280.0,0,6000.0,3107960388.3700004,5420.0,17820.0,0,103643.74,400000000000,29588.5,121711.83,0,6,6,12.0,42273201.24,42272881.24,320.0,919397331.46,919392876.46,4455.0,100000000000,99999970070.46,29929.54,6,12.0,81182953.71,81182633.71,320.0,597798765.82,597794310.82,4455.0,100000000000,99999970070.46,29929.54,6,12.0,59814912.74,59814592.74,320.0,705919276.94,705914821.94,4455.0,100000000000,99999968076.79,31923.21,6,12.0,71608075.98,71607755.98,320.0,884845014.15,884840559.15,4455.0,100000000000,99999970070.46,29929.54
4,20,5862,10.672406911849976,1.0,48.0,1.0,6,0,3,1000.0,254879143.67000002,1300.0,2080.0,0,6000.0,3107960388.3700004,3500.0,15520.0,0,103643.74,400000000000,31882.59,185477.0,0,6,6,12.0,42273201.24,42272681.24,520.0,919397331.46,919393451.46,3880.0,100000000000,99999954129.17,45870.83,6,12.0,81182953.71,81182433.71,520.0,597798765.82,597794885.82,3880.0,100000000000,99999954129.17,45870.83,6,12.0,59814912.74,59814392.74,520.0,705919276.94,705915396.94,3880.0,100000000000,99999952135.49,47864.51,6,12.0,71608075.98,71607555.98,520.0,884845014.15,884841134.15,3880.0,100000000000,99999954129.17,45870.83
4,20,0,9.775161743164062e-05,1.0,0,1,0,0,0,300.0,253657692.82999998,0,0,0,6400.0,5609451887.610001,0,0,0,106433.76,400000000000,0,0,0,0,0,0,34607277.86,34607277.86,0,1229914342.7,1229914342.7,0,100000000000,100000000000,0,0,0,92387416.16,92387416.16,0,1618717538.91,1618717538.91,0,100000000000,100000000000,0,0,0,71992468.86,71992468.86,0,1144263774.42,1144263774.42,0,100000000000,100000000000,0,0,0,54670529.95,54670529.95,0,1616556231.58,1616556231.58,0,100000000000,100000000000,0
4,20,784,10.637372732162476,1.0,48.0,1.0,6,0,1,300.0,253657692.82999998,520.0,520.0,0,6400.0,5609451887.610001,8200.0,8200.0,0,106433.76,400000000000,25296.83,67860.87,0,6,6,12.0,34607277.86,34607147.86,130.0,1229914342.7,1229912292.7,2050.0,100000000000,99999979376.89,20623.11,6,12.0,92387416.16,92387286.16,130.0,1618717538.91,1618715488.91,2050.0,100000000000,99999987351.59,12648.41,6,12.0,71992468.86,71992338.86,130.0,1144263774.42,1144261724.42,2050.0,100000000000,99999986003.78,13996.22,6,12.0,54670529.95,54670399.95,130.0,1616556231.58,1616554181.58,2050.0,100000000000,99999979406.87,20593.13
4,20,2592,10.678993701934814,1.0,48.0,1.0,6,0,2,300.0,253657692.82999998,575.0,1095.0,0,6400.0,5609451887.610001,6000.0,14200.0,0,106433.76,400000000000,31827.85,153578.15,0,6,6,12.0,34607277.86,34607004.11,273.75,1229914342.7,1229910792.7,3550.0,100000000000,99999957315.3,42684.7,6,12.0,92387416.16,92387142.41,273.75,1618717538.91,1618713988.91,3550.0,100000000000,99999971437.66,28562.34,6,12.0,71992468.86,71992195.11,273.75,1144263774.42,1144260224.42,3550.0,100000000000,99999970089.86,29910.14,6,12.0,54670529.95,54670256.2,273.75,1616556231.58,1616552681.58,3550.0,100000000000,99999947579.03,52420.97
4,20,5208,10.676268577575684,1.0,48.0,1.0,6,0,3,300.0,253657692.82999998,674.0,1509.0,0,6400.0,5609451887.610001,13020.0,21820.0,0,106433.76,400000000000,37691.3,275727.84,0,6,6,12.0,34607277.86,34606900.61,377.25,1229914342.7,1229908887.7,5455.0,100000000000,99999901800.86,98199.14,6,12.0,92387416.16,92387038.91,377.25,1618717538.91,1618712083.91,5455.0,100000000000,99999952592.01,47407.99,6,12.0,71992468.86,71992091.61,377.25,1144263774.42,1144258319.42,5455.0,100000000000,99999951244.2,48755.8,6,12.0,54670529.95,54670152.7,377.25,1616556231.58,1616550776.58,5455.0,100000000000,99999918635.09,81364.91
4,20,8198,10.255029201507568,1.0,16.0,1.0,2,0,4,300.0,253657692.82999998,300.0,1224.0,0,6400.0,5609451887.610001,2400.0,18420.0,0,106433.76,400000000000,11617.78,310163.36,0,2,2,4.0,34607277.86,34606971.86,306.0,1229914342.7,1229909737.7,4605.0,100000000000,99999895991.97,104008.03,2,4.0,92387416.16,92387110.16,306.0,1618717538.91,1618712933.91,4605.0,100000000000,99999946783.12,53216.88,2,4.0,71992468.86,71992162.86,306.0,1144263774.42,1144259169.42,4605.0,100000000000,99999945435.32,54564.68,2,4.0,54670529.95,54670223.95,306.0,1616556231.58,1616551626.58,4605.0,100000000000,99999901626.23,98373.77
4,20,11212,5.012526988983154,1.0,0,1,0,0,5,300.0,253657692.82999998,0,564.0,0,6400.0,5609451887.610001,0,10000.0,0,106433.76,400000000000,0,310163.36,0,0,0,0,34607277.86,34607136.86,141.0,1229914342.7,1229911842.7,2500.0,100000000000,99999895991.97,104008.03,0,0,92387416.16,92387275.16,141.0,1618717538.91,1618715038.91,2500.0,100000000000,99999946783.12,53216.88,0,0,71992468.86,71992327.86,141.0,1144263774.42,1144261274.42,2500.0,100000000000,99999945435.32,54564.68,0,0,54670529.95,54670388.95,141.0,1616556231.58,1616553731.58,2500.0,100000000000,99999901626.23,98373.77
4,20,14238,15.048349380493164,1.0,0,1,0,0,6,300.0,253657692.82999998,0,300.0,0,6400.0,5609451887.610001,0,2400.0,0,106433.76,400000000000,0,310163.36,0,0,0,0,34607277.86,34607202.86,75.0,1229914342.7,1229913742.7,600.0,100000000000,99999895991.97,104008.03,0,0,92387416.16,92387341.16,75.0,1618717538.91,1618716938.91,600.0,100000000000,99999946783.12,53216.88,0,0,71992468.86,71992393.86,75.0,1144263774.42,1144263174.42,600.0,100000000000,99999945435.32,54564.68,0,0,54670529.95,54670454.95,75.0,1616556231.58,1616555631.58,600.0,100000000000,99999901626.23,98373.77
4,20,0,9.751319885253906e-05,1.0,0,1,0,0,0,1000.0,615008035.98,0,0,0,8000.0,7855852687.559999,0,0,0,91549.64,400000000000,0,0,0,0,0,0,126116661.26,126116661.26,0,2034119187.09,2034119187.09,0,100000000000,100000000000,0,0,0,74881513.21,74881513.21,0,2465819401.39,2465819401.39,0,100000000000,100000000000,0,0,0,212684085.64,212684085.64,0,2123988540.35,2123988540.35,0,100000000000,100000000000,0,0,0,201325775.87,201325775.87,0,1231925558.73,1231925558.73,0,100000000000,100000000000,0
4,20,752,10.646056652069092,1.0,48.0,1.0,6,0,1,1000.0,615008035.98,875.0,900.0,0,8000.0,7855852687.559999,18800.0,19250.0,0,91549.64,400000000000,22067.68,73840.0,0,6,6,12.0,126116661.26,126116442.51,218.75,2034119187.09,2034114487.09,4700.0,100000000000,99999982886.17,17113.83,6,12.0,74881513.21,74881269.46,243.75,2465819401.39,2465814251.39,5150.0,100000000000,99999965341.51,34658.49,6,12.0,212684085.64,212683866.89,218.75,2123988540.35,2123983840.35,4700.0,100000000000,99999988966.16,11033.84,6,12.0,201325775.87,201325557.12,218.75,1231925558.73,1231920858.73,4700.0,100000000000,99999988966.16,11033.84
4,20,0,0.0002067089080810547,1.0,0,1,0,0,0,1600.0,173114262.42,0,0,0,7200.0,1782273259.15,0,0,0,113385.4,400000000000,0,0,0,0,0,0,22532597.92,22532597.92,0,530641128.44,530641128.44,0,100000000000,100000000000,0,0,0,23648744.17,23648744.17,0,301034092.46,301034092.46,0,100000000000,100000000000,0,0,0,90158441.98,90158441.98,0,525167943.32,525167943.32,0,100000000000,100000000000,0,0,0,36774478.35,36774478.35,0,425430094.93,425430094.93,0,100000000000,100000000000,0
4,20,852,10.656649827957153,1.0,48.0,1.0,6,0,1,1600.0,173114262.42,334.0,334.0,0,7200.0,1782273259.15,8820.0,8820.0,0,113385.4,400000000000,32038.68,72181.97,0,6,6,12.0,22532597.92,22532514.42,83.5,530641128.44,530638923.44,2205.0,100000000000,99999975876.05,24123.95,6,12.0,23648744.17,23648660.67,83.5,301034092.46,301031887.46,2205.0,100000000000,99999983980.66,16019.34,6,12.0,90158441.98,90158358.48,83.5,525167943.32,525165738.32,2205.0,100000000000,99999983980.66,16019.34,6,12.0,36774478.35,36774394.85,83.5,425430094.93,425427889.93,2205.0,100000000000,99999983980.66,16019.34
4,20,2712,10.657034873962402,1.0,48.0,1.0,6,0,2,1600.0,173114262.42,2120.0,2454.0,0,7200.0,1782273259.15,10400.0,19220.0,0,113385.4,400000000000,29811.04,146709.57,0,6,6,12.0,22532597.92,22531984.42,613.5,530641128.44,530636323.44,4805.0,100000000000,99999946065.01,53934.99,6,12.0,23648744.17,23648130.67,613.5,301034092.46,301029287.46,4805.0,100000000000,99999969075.14,30924.86,6,12.0,90158441.98,90157828.48,613.5,525167943.32,525163138.32,4805.0,100000000000,99999969075.14,30924.86,6,12.0,36774478.35,36773864.85,613.5,425430094.93,425425289.93,4805.0,100000000000,99999969075.14,30924.86
4,20,5646,10.700783014297485,1.0,48.0,1.0,6,0,3,1600.0,173114262.42,275.0,2495.0,0,7200.0,1782273259.15,3020.0,14020.0,0,113385.4,400000000000,39633.61,241836.21,0,6,6,12.0,22532597.92,22531974.17,623.75,530641128.44,530637623.44,3505.0,100000000000,99999910388.77,89611.23,6,12.0,23648744.17,23648120.42,623.75,301034092.46,301030587.46,3505.0,100000000000,99999949258.34,50741.66,6,12.0,90158441.98,90157818.23,623.75,525167943.32,525164438.32,3505.0,100000000000,99999949258.34,50741.66,6,12.0,36774478.35,36773854.6,623.75,425430094.93,425426589.93,3505.0,100000000000,99999949258.34,50741.66
4,20,8886,10.249953985214233,1.0,16.0,1.0,2,0,4,1600.0,173114262.42,150.0,2225.0,0,7200.0,1782273259.15,1200.0,6220.0,0,113385.4,400000000000,11902.08,271591.41,0,2,2,4.0,22532597.92,22532041.67,556.25,530641128.44,530639573.44,1555.0,100000000000,99999898486.69,101513.31,2,4.0,23648744.17,23648187.92,556.25,301034092.46,301032537.46,1555.0,100000000000,99999943307.3,56692.7,2,4.0,90158441.98,90157885.73,556.25,525167943.32,525166388.32,1555.0,100000000000,99999943307.3,56692.7,2,4.0,36774478.35,36773922.1,556.25,425430094.93,425428539.93,1555.0,100000000000,99999943307.3,56692.7
4,20,12146,5.014056921005249,1.0,0,1,0,0,5,1600.0,173114262.42,0,365.0,0,7200.0,1782273259.15,0,3600.0,0,113385.4,400000000000,0,271591.41,0,0,0,0,22532597.92,22532506.67,91.25,530641128.44,530640228.44,900.0,100000000000,99999898486.69,101513.31,0,0,23648744.17,23648652.92,91.25,301034092.46,301033192.46,900.0,100000000000,99999943307.3,56692.7,0,0,90158441.98,90158350.73,91.25,525167943.32,525167043.32,900.0,100000000000,99999943307.3,56692.7,0,0,36774478.35,36774387.1,91.25,425430094.93,425429194.93,900.0,100000000000,99999943307.3,56692.7
4,20,15430,15.05040168762207,1.0,0,1,0,0,6,1600.0,173114262.42,0,0,0,7200.0,1782273259.15,0,0,0,113385.4,400000000000,0,271591.41,0,0,0,0,22532597.92,22532597.92,0,530641128.44,530641128.44,0,100000000000,99999898486.69,101513.31,0,0,23648744.17,23648744.17,0,301034092.46,301034092.46,0,100000000000,99999943307.3,56692.7,0,0,90158441.98,90158441.98,0,525167943.32,525167943.32,0,100000000000,99999943307.3,56692.7,0,0,36774478.35,36774478.35,0,425430094.93,425430094.93,0,100000000000,99999943307.3,56692.7
4,20,0,0.0002090930938720703,1.0,0,1,0,0,0,600.0,224956797.69,0,0,0,3600.0,2490169992.4199996,0,0,0,135627.67,400000000000,0,0,0,0,0,0,48699869.5,48699869.5,0,589844790.73,589844790.73,0,100000000000,100000000000,0,0,0,36310084.33,36310084.33,0,731086516.18,731086516.18,0,100000000000,100000000000,0,0,0,65207567.67,65207567.67,0,654132233.14,654132233.14,0,100000000000,100000000000,0,0,0,74739276.19,74739276.19,0,515106452.37,515106452.37,0,100000000000,100000000000,0
4,20,854,10.652025938034058,1.0,48.0,1.0,6,0,1,600.0,224956797.69,715.0,715.0,0,3600.0,2490169992.4199996,3425.0,3425.0,0,135627.67,400000000000,47921.88,118972.06,0,6,6,12.0,48699869.5,48699690.75,178.75,589844790.73,589843934.48,856.25,100000000000,99999976039.06,23960.94,6,12.0,36310084.33,36309905.58,178.75,731086516.18,731085659.93,856.25,100000000000,99999952910.76,47089.24,6,12.0,65207567.67,65207388.92,178.75,654132233.14,654131376.89,856.25,100000000000,99999976039.06,23960.94,6,12.0,74739276.19,74739097.44,178.75,515106452.37,515105596.12,856.25,100000000000,99999976039.06,23960.94
4,20,2626,10.670079469680786,1.0,48.0,1.0,6,0,2,600.0,224956797.69,985.0,1700.0,0,3600.0,2490169992.4199996,10200.0,13625.0,0,135627.67,400000000000,32876.81,197206.7,0,6,6,12.0,48699869.5,48699444.5,425.0,589844790.73,589841384.48,3406.25,100000000000,99999959600.66,40399.34,6,12.0,36310084.33,36309659.33,425.0,731086516.18,731083109.93,3406.25,100000000000,99999923991.32,76008.68,6,12.0,65207567.67,65207142.67,425.0,654132233.14,654128826.89,3406.25,100000000000,99999959600.66,40399.34,6,12.0,74739276.19,74738851.19,425.0,515106452.37,515103046.12,3406.25,100000000000,99999959600.66,40399.34
4,20,5468,10.66430401802063,1.0,48.0,1.0,6,0,3,600.0,224956797.69,370.0,2020.0,0,3600.0,2490169992.4199996,4600.0,17225.0,0,135627.67,400000000000,43997.35,307200.06,0,6,6,12.0,48699869.5,48699364.5,505.0,589844790.73,589840484.48,4306.25,100000000000,99999937601.99,62398.01,6,12.0,36310084.33,36309579.33,505.0,731086516.18,731082209.93,4306.25,100000000000,99999879993.97,120006.03,6,12.0,65207567.67,65207062.67,505.0,654132233.14,654127926.89,4306.25,100000000000,99999937601.99,62398.01,6,12.0,74739276.19,74738771.19,505.0,515106452.37,515102146.12,4306.25,100000000000,99999937601.99,62398.01
4,20,8638,10.25072979927063,1.0,12.0,0.75,2,0,4,600.0,224956797.69,75.0,636.25,0,3600.0,2490169992.4199996,1200.0,9700.0,0,135627.67,400000000000,10831.64,327404.88,0,2,0,0,48699869.5,48699724.5,145.0,589844790.73,589842590.73,2200.0,100000000000,99999937601.99,62398.01,2,4.0,36310084.33,36309920.58,163.75,731086516.18,731084016.18,2500.0,100000000000,99999870620.79,129379.21,2,4.0,65207567.67,65207403.92,163.75,654132233.14,654129733.14,2500.0,100000000000,99999932186.17,67813.83,2,4.0,74739276.19,74739112.44,163.75,515106452.37,515103952.37,2500.0,100000000000,99999932186.17,67813.83
4,20,11940,5.014743089675903,1.0,0,1,0,0,5,600.0,224956797.69,0,225.0,0,3600.0,2490169992.4199996,0,2400.0,0,135627.67,400000000000,0,332820.7,0,0,0,0,48699869.5,48699813.25,56.25,589844790.73,589844190.73,600.0,100000000000,99999932186.17,67813.83,0,0,36310084.33,36310028.08,56.25,731086516.18,731085916.18,600.0,100000000000,99999870620.79,129379.21,0,0,65207567.67,65207511.42,56.25,654132233.14,654131633.14,600.0,100000000000,99999932186.17,67813.83,0,0,74739276.19,74739219.94,56.25,515106452.37,515105852.37,600.0,100000000000,99999932186.17,67813.83
4,20,15258,15.04229474067688,1.0,0,1,0,0,6,600.0,224956797.69,0,0,0,3600.0,2490169992.4199996,0,0,0,135627.67,400000000000,0,332820.7,0,0,0,0,48699869.5,48699869.5,0,589844790.73,589844790.73,0,100000000000,99999932186.17,67813.83,0,0,36310084.33,36310084.33,0,731086516.18,731086516.18,0,100000000000,99999870620.79,129379.21,0,0,65207567.67,65207567.67,0,654132233.14,654132233.14,0,100000000000,99999932186.17,67813.83,0,0,74739276.19,74739276.19,0,515106452.37,515106452.37,0,100000000000,99999932186.17,67813.83
4,20,0,9.393692016601562e-05,1.0,0,1,0,0,0,300.0,209350422.12,0,0,0,7200.0,2274620064.29,0,0,0,87318.22,400000000000,0,0,0,0,0,0,74238970.69,74238970.69,0,541135537.81,541135537.81,0,100000000000,100000000000,0,0,0,50577895.93,50577895.93,0,670939848.49,670939848.49,0,100000000000,100000000000,0,0,0,47745455.94,47745455.94,0,558750565.7,558750565.7,0,100000000000,100000000000,0,0,0,36788099.56,36788099.56,0,503794112.29,503794112.29,0,100000000000,100000000000,0
4,20,824,10.631228685379028,1.0,48.0,1.0,6,0,1,300.0,209350422.12,500.0,500.0,0,7200.0,2274620064.29,5800.0,5800.0,0,87318.22,400000000000,21080.66,49895.39,0,6,6,12.0,74238970.69,74238845.69,125.0,541135537.81,541134087.81,1450.0,100000000000,99999989459.67,10540.33,6,12.0,50577895.93,50577770.93,125.0,670939848.49,670938398.49,1450.0,100000000000,99999989459.67,10540.33,6,12.0,47745455.94,47745330.94,125.0,558750565.7,558749115.7,1450.0,100000000000,99999984013.87,15986.13,6,12.0,36788099.56,36787974.56,125.0,503794112.29,503792662.29,1450.0,100000000000,99999987171.4,12828.6
4,20,2460,10.645219564437866,1.0,48.0,1.0,6,0,2,300.0,209350422.12,410.0,910.0,0,7200.0,2274620064.29,4000.0,9800.0,0,87318.22,400000000000,30487.11,148013.6,0,6,6,12.0,74238970.69,74238743.19,227.5,541135537.81,541133087.81,2450.0,100000000000,99999974216.11,25783.89,6,12.0,50577895.93,50577668.43,227.5,670939848.49,670937398.49,2450.0,100000000000,99999974216.11,25783.89,6,12.0,47745455.94,47745228.44,227.5,558750565.7,558748115.7,2450.0,100000000000,99999956868.24,43131.76,6,12.0,36788099.56,36787872.06,227.5,503794112.29,503791662.29,2450.0,100000000000,99999946685.94,53314.06
4,20,0,0.0001735687255859375,1.0,0,1,0,0,0,100.0,253554773.79000002,0,0,0,1800.0,1562310443.6999998,0,0,0,105209.74,400000000000,0,0,0,0,0,0,51799110.16,51799110.16,0,296853470.95,296853470.95,0,100000000000,100000000000,0,0,0,99852220.95,99852220.95,0,267976995.8,267976995.8,0,100000000000,100000000000,0,0,0,60265416.06,60265416.06,0,464361213.82,464361213.82,0,100000000000,100000000000,0,0,0,41638026.62,41638026.62,0,533118763.13,533118763.13,0,100000000000,100000000000,0
4,20,914,10.658618450164795,1.0,48.0,1.0,6,0,1,100.0,253554773.79000002,385.0,385.0,0,1800.0,1562310443.6999998,3600.0,3600.0,0,105209.74,400000000000,30708.41,78734.71,0,6,6,12.0,51799110.16,51799013.91,96.25,296853470.95,296852570.95,900.0,100000000000,99999984645.8,15354.2,6,12.0,99852220.95,99852124.7,96.25,267976995.8,267976095.8,900.0,100000000000,99999984645.8,15354.2,6,12.0,60265416.06,60265319.81,96.25,464361213.82,464360313.82,900.0,100000000000,99999980688.43,19311.57,6,12.0,41638026.62,41637930.37,96.25,533118763.13,533117863.13,900.0,100000000000,99999971285.26,28714.74
4,20,2756,10.643181562423706,1.0,48.0,1.0,6,0,2,100.0,253554773.79000002,375.0,760.0,0,1800.0,1562310443.6999998,5200.0,8800.0,0,105209.74,400000000000,30820.41,154437.93,0,6,6,12.0,51799110.16,51798920.16,190.0,296853470.95,296851270.95,2200.0,100000000000,99999969235.59,30764.41,6,12.0,99852220.95,99852030.95,190.0,267976995.8,267974795.8,2200.0,100000000000,99999969235.59,30764.41,6,12.0,60265416.06,60265226.06,190.0,464361213.82,464359013.82,2200.0,100000000000,99999965278.23,34721.77,6,12.0,41638026.62,41637836.62,190.0,533118763.13,533116563.13,2200.0,100000000000,99999941812.66,58187.34
4,20,5344,10.637026309967041,1.0,48.0,1.0,6,0,3,100.0,253554773.79000002,450.0,1075.0,0,1800.0,1562310443.6999998,3600.0,10600.0,0,105209.74,400000000000,35706.23,237752.44,0,6,6,12.0,51799110.16,51798841.41,268.75,296853470.95,296850820.95,2650.0,100000000000,99999951382.48,48617.52,6,12.0,99852220.95,99851952.2,268.75,267976995.8,267974345.8,2650.0,100000000000,99999951382.48,48617.52,6,12.0,60265416.06,60265147.31,268.75,464361213.82,464358563.82,2650.0,100000000000,99999947425.12,52574.88,6,12.0,41638026.62,41637757.87,268.75,533118763.13,533116113.13,2650.0,100000000000,99999912057.48,87942.52
4,20,8244,10.244852781295776,1.0,16.0,1.0,2,0,4,100.0,253554773.79000002,200.0,875.0,0,1800.0,1562310443.6999998,1200.0,8400.0,0,105209.74,400000000000,7974.7,255695.52,0,2,2,4.0,51799110.16,51798891.41,218.75,296853470.95,296851370.95,2100.0,100000000000,99999947395.13,52604.87,2,4.0,99852220.95,99852002.2,218.75,267976995.8,267974895.8,2100.0,100000000000,99999947395.13,52604.87,2,4.0,60265416.06,60265197.31,218.75,464361213.82,464359113.82,2100.0,100000000000,99999943437.77,56562.23,2,4.0,41638026.62,41637807.87,218.75,533118763.13,533116663.13,2100.0,100000000000,99999906076.45,93923.55
4,20,11168,10.013174057006836,1.0,0,1,0,0,5,100.0,253554773.79000002,0,500.0,0,1800.0,1562310443.6999998,0,3600.0,0,105209.74,400000000000,0,255695.52,0,0,0,0,51799110.16,51798985.16,125.0,296853470.95,296852570.95,900.0,100000000000,99999947395.13,52604.87,0,0,99852220.95,99852095.95,125.0,267976995.8,267976095.8,900.0,100000000000,99999947395.13,52604.87,0,0,60265416.06,60265291.06,125.0,464361213.82,464360313.82,900.0,100000000000,99999943437.77,56562.23,0,0,41638026.62,41637901.62,125.0,533118763.13,533117863.13,900.0,100000000000,99999906076.45,93923.55
4,20,14092,10.020687818527222,1.0,0,1,0,0,6,100.0,253554773.79000002,0,500.0,0,1800.0,1562310443.6999998,0,3600.0,0,105209.74,400000000000,0,255695.52,0,0,0,0,51799110.16,51798985.16,125.0,296853470.95,296852570.95,900.0,100000000000,99999947395.13,52604.87,0,0,99852220.95,99852095.95,125.0,267976995.8,267976095.8,900.0,100000000000,99999947395.13,52604.87,0,0,60265416.06,60265291.06,125.0,464361213.82,464360313.82,900.0,100000000000,99999943437.77,56562.23,0,0,41638026.62,41637901.62,125.0,533118763.13,533117863.13,900.0,100000000000,99999906076.45,93923.55
