count,num_cpu,num_gpu,bandwidth_avg,bandwidth_min,bandwidth_max,bandwidth_median,duration_avg,duration_min,duration_max,duration_median
1145,7200.0,300.0,3396.245814414043,497.76153091265945,9485.95800933126,3003.4444444444453,14355.288209606986,88,84938,11315.0
27161,600.0,100.0,5568.369499991921,0.0,107451.40909090907,3987.3481058112393,2573.8289827325943,13,535585,257.0
3824,1800.0,100.0,6204.1067957879195,356.24223114935626,19132.917612967125,5391.081736909323,5660.999476987447,7,167945,205.0
8760,600.0,25.0,4128.335446350692,0.0,107451.40909090907,2916.910652920962,8071.530707762557,15,453305,961.5
168,800.0,100.0,2994.1280126124902,0.0,11337.7875,634.8616600790514,1758.7440476190477,14,11904,485.5
8314,600.0,50.0,6389.909207915287,636.7592676515907,21669.134572952094,7914.727272727273,7745.089367332211,15,169754,1234.5
1080,600.0,200.0,4842.54552300922,307.3041775456918,19132.917612967125,6226.697058823531,2383.510185185185,15,44723,189.0
138,10.0,10.0,7914.727272727274,7914.727272727273,7914.727272727273,7914.727272727273,973.6086956521739,354,4053,702.0
3980,1000.0,50.0,2703.1277967992337,2695.6117647058827,5188.429075667328,2695.6117647058827,466.11281407035176,90,2586,425.0
10,3200.0,800.0,5043.159140213899,3003.4444444444453,5275.162420382166,5275.162420382166,5602.8,49,54834,76.0
289,20000.0,2500.0,5536.334423297442,1814.907181023316,23686.86128364389,5275.162420382166,6340.176470588235,97,140029,1768.0
903,6000.0,250.0,4730.515899570891,287.5336322869955,18756.47015662881,2724.4435767195764,5366.734219269103,49,64906,2652.0
180,12000.0,500.0,3918.5313561349344,1381.9339321400644,17494.733333333334,3089.814285714285,8010.8388888888885,54,67830,1400.0
33,3600.0,400.0,2241.5916495285073,1429.082191780822,4024.6078431372553,1429.082191780822,22267.636363636364,146,56868,3576.0
257,3200.0,200.0,7213.131931688129,0.0,15615.614864864863,7280.055555555555,3165.058365758755,45,57699,115.0
7648,600.0,10.0,7920.485680167772,3134.2215477996965,11948.910096818809,7914.727272727273,6488.038310669456,17,53852,5077.0
142,30000.0,1250.0,3098.463167722214,287.5336322869955,19377.9786532238,3003.4444444444453,8303.81690140845,64,48020,3607.0
90,8000.0,800.0,3016.6580137779206,1396.6417333955935,9485.95800933126,3003.4444444444453,4792.7444444444445,120,22811,3949.5
65,600.0,300.0,6447.439129334987,3809.090656654808,10280.625,4024.6078431372553,1272.5692307692307,15,25235,295.0
297,600.0,20.0,6770.7048924074525,2155.8349514563106,7914.727272727273,7914.727272727273,8478.892255892257,22,25874,7281.0
312,6400.0,64.0,329.695405982906,319.8,3407.166666666666,319.8,51.2724358974359,18,6435,30.0
33,4800.0,400.0,2344.212257816563,542.8506097560977,10850.307123490264,2075.487452732898,20458.454545454544,60,125388,1390.0
402,12000.0,2000.0,9812.62108445624,287.5336322869955,33295.731138545954,6364.689130434783,9683.783582089553,31,225833,2171.0
351,15000.0,625.0,3156.991781194798,2677.384615384615,17494.733333333334,3003.4444444444453,6725.786324786325,1403,210529,4322.0
190,3600.0,200.0,4772.59864231712,2400.6585365853657,6748.384615384615,5767.13816022687,2293.021052631579,24,12134,762.5
13,1000.0,300.0,3891.98188222498,3809.090656654808,4024.6078431372553,3809.090656654808,797.7692307692307,87,6843,126.0
26,2000.0,250.0,2724.4435767195764,2724.4435767195764,2724.4435767195764,2724.4435767195764,600.2692307692307,161,1449,530.0
447,18000.0,750.0,6416.885965125881,1975.2819939932187,35185.295131037594,4785.891705069124,5973.62192393736,43,47642,1835.0
168,3000.0,500.0,16935.03493824206,0.0,33295.731138545954,6633.896381578948,5021.398809523809,56,40571,2129.0
69,4800.0,40.0,4576.53125,4576.53125,4576.53125,4576.53125,1841.391304347826,54,26029,190.0
13,45000.0,2500.0,1473.845242691878,1309.6846153846152,2288.9873983739835,1454.032786885246,6950.923076923077,75,79843,922.0
46,36000.0,2000.0,4235.311071542766,2400.6585365853657,10395.307692307691,3455.6923536439663,1692.195652173913,170,20371,1029.5
254,3200.0,100.0,1919.7909235768193,0.0,33295.731138545954,634.8616600790514,17887.110236220473,242,152122,17852.5
21,32400.0,1800.0,3317.480232015203,2400.6585365853657,3455.6923536439663,3455.6923536439663,3128.4285714285716,107,41541,1253.0
475,12000.0,1000.0,3165.9354433708904,472.5508568110007,7468.122727272727,3003.4444444444453,3600.8715789473686,32,37270,1905.0
11,26000.0,2000.0,7586.315670556561,6364.689130434783,10395.307692307691,6633.896381578948,3508.5454545454545,1835,6398,3377.0
192,2400.0,200.0,3359.6603724623833,542.8506097560977,4576.53125,4576.53125,9901.161458333334,35,95589,1057.5
94,100.0,100.0,20524.46718363764,3659.7647058823527,33295.731138545954,33295.731138545954,720.0851063829788,32,2917,691.0
536,4800.0,200.0,4888.598439492932,935.16077170418,12604.270742358078,4576.53125,3957.4888059701493,51,182246,1679.5
184,400.0,100.0,5126.573003628426,0.0,16393.444564517613,5114.694733619106,4375.532608695652,19,127641,229.5
382,6000.0,1000.0,8411.69752572995,2179.0767172167707,33295.731138545954,7423.285714285716,2002.4109947643979,32,73713,202.0
13,300.0,200.0,3825.6689017688423,3809.090656654808,4024.6078431372553,3809.090656654808,657.3076923076923,437,1086,626.0
102,1000.0,200.0,6580.8169125197155,6364.689130434783,10395.307692307691,6364.689130434783,7350.5,5085,16248,6212.0
20,2000.0,1000.0,90748.6456774353,5467.258064516129,107451.40909090907,95370.16809006211,955.05,224,2826,665.0
77,1000.0,500.0,23669.891877345184,5188.429075667328,107451.40909090907,5188.429075667328,4002.5064935064934,306,38977,3503.0
61,9000.0,500.0,5848.606911863394,2400.6585365853657,15418.829268292684,6364.689130434783,13594.754098360656,61,57654,3174.0
37,14400.0,800.0,6328.237111331415,0.0,15418.829268292684,6364.689130434783,7332.324324324324,115,44871,577.0
42,1600.0,200.0,3858.0547184077386,2225.589285714286,9201.6,3809.090656654808,15533.404761904761,59,37507,22524.5
89,18000.0,1000.0,5060.015924633952,1319.6654097958444,10395.307692307691,5275.162420382166,3516.505617977528,33,26764,1417.0
89,1000.0,100.0,13553.91573273157,2723.386875612145,54948.08823529412,6394.756990820136,1474.808988764045,6,20558,142.0
25,3600.0,600.0,7468.122727272728,7468.122727272727,7468.122727272727,7468.122727272727,15106.36,7772,57961,13408.0
21,6600.0,275.0,2973.6904484496335,2691.0274864989224,3003.4444444444453,3003.4444444444453,2436.4285714285716,904,6944,1990.0
2,35400.0,1475.0,3003.4444444444453,3003.4444444444453,3003.4444444444453,3003.4444444444453,10970.5,10929,11012,10970.5
24,25.0,500.0,17787.415470397405,17494.733333333334,24519.10462287105,17494.733333333334,6162.083333333333,2722,12607,5014.0
128,7200.0,400.0,4598.512659899994,2400.6585365853657,26627.85714285713,3809.090656654808,7025.4609375,28,51367,1369.5
64,1800.0,300.0,4987.500144436141,2447.736021300875,33035.11136846169,2724.4435767195764,689.59375,44,28954,131.5
134,2000.0,100.0,8006.719968349704,4915.651162790698,33295.731138545954,5275.162420382166,12036.873134328358,280,98249,1915.5
72,10000.0,1000.0,3531.7967488164336,497.76153091265945,10395.307692307691,3323.627866962828,13174.25,48,71547,1618.0
58,6400.0,400.0,3093.3491650634355,2447.736021300875,3809.090656654808,2724.4435767195764,11503.051724137931,2000,30735,10467.5
35,300.0,600.0,3474.6821737931036,2573.2336,3848.36,3631.2413793103447,9555.885714285714,77,125486,120.0
10,24600.0,1025.0,3730.273207697976,3003.4444444444453,4214.825716533663,4214.825716533663,5724.3,1943,13330,6658.0
12,14400.0,600.0,3296.3479922229926,2773.3468468468463,6748.384615384615,3003.4444444444453,12317.5,1311,45313,8067.5
13,800.0,200.0,3003.4444444444453,3003.4444444444453,3003.4444444444453,3003.4444444444453,562.3846153846154,539,614,556.0
111,9600.0,400.0,3854.3251977441273,1975.2819939932187,29851.80607814761,2724.4435767195764,17935.117117117115,164,90307,7417.0
67,2000.0,2000.0,6125.957312420671,2771.272966048553,6652.039251650769,6652.039251650769,1211.1044776119404,46,14426,183.0
48,20000.0,5000.0,4214.047514719207,589.6006077529566,5275.162420382166,5226.847594637224,44153.375,50,309833,1015.0
36,400.0,50.0,4478.622685185184,3003.4444444444453,7428.979166666666,3003.4444444444453,337.52777777777777,69,1973,272.5
80,12000.0,400.0,2801.862854882169,1277.7585724282717,5275.162420382166,2691.0274864989224,9988.1625,603,69128,4907.5
78,40000.0,5000.0,5500.793866935862,4915.651162790698,10395.307692307691,5275.162420382166,10988.564102564103,244,59116,9460.0
83,18000.0,3000.0,4869.723404327676,2447.736021300875,10395.307692307691,4785.891705069124,5876.44578313253,69,143248,1145.0
11,12000.0,800.0,6780.055772631258,6364.689130434783,10395.307692307691,6364.689130434783,5753.545454545455,797,10520,5503.0
85,500.0,500.0,4675.087391408519,2771.272966048553,4785.891705069124,4785.891705069124,1307.5764705882352,107,23123,720.0
55,24000.0,500.0,4176.182993682066,3671.363636363637,5296.242821999982,3987.3481058112393,2454.0,559,13908,1325.0
679,1600.0,100.0,14947.177815618319,521.0711054512835,22699.690991240204,12278.47034781551,4525.435935198821,68,86144,744.0
32,2400.0,400.0,3660.9770084233664,1277.7585724282717,7423.285714285716,2724.4435767195764,2311.6875,56,23574,192.5
34,1600.0,400.0,5341.949377070841,2150.7004608294933,9201.6,5131.340958605664,6242.764705882353,70,48530,1257.0
25,12000.0,250.0,5230.06108113045,5188.429075667328,5275.162420382166,5188.429075667328,4366.24,337,11544,5568.0
149,3000.0,125.0,3249.670170081649,1381.9339321400644,6364.689130434783,2691.0274864989224,5145.5100671140935,48,24896,2055.0
12,1200.0,600.0,107451.4090909091,107451.40909090907,107451.40909090907,107451.40909090907,2054.1666666666665,915,3312,2140.0
47,4000.0,125.0,2658.40675625298,1798.0895522388062,2872.061334769974,2872.061334769974,4437.978723404255,984,11824,4022.0
46,9000.0,1500.0,3137.328182531815,1439.3311258278147,7423.285714285716,2724.4435767195764,4020.8695652173915,175,58173,2770.5
150,4000.0,500.0,9794.409684773456,2691.0274864989224,62509.13506922593,6364.689130434783,7495.746666666667,199,105580,1248.0
60,200.0,100.0,5243.623720845306,207.72371927686785,17087.18055555556,3758.1236303123396,2389.8333333333335,42,26803,193.0
49,200.0,25.0,2691.0274864989224,2691.0274864989224,2691.0274864989224,2691.0274864989224,110.10204081632654,50,237,103.0
12,16000.0,8000.0,5204.940794128758,4915.651162790698,5275.162420382166,5226.847594637224,701.1666666666666,402,2751,488.5
214,800.0,50.0,10506.472074787587,10008.606516290729,13052.698788242951,10008.606516290729,234.53271028037383,44,2507,91.0
205,1200.0,100.0,7931.511205029184,0.0,24338.090583637542,7280.055555555555,4144.985365853659,34,51380,349.0
95,30000.0,2500.0,5360.528082084699,985.9982728842832,15053.125,5275.162420382166,2047.6736842105263,354,10175,1377.0
72,4000.0,250.0,3310.782406353348,2691.0274864989224,6633.896381578948,2691.0274864989224,1710.486111111111,295,9077,1477.5
49,1000.0,250.0,4466.615643993437,1309.6846153846152,6364.689130434783,5188.429075667328,13231.57142857143,141,35764,6669.0
12,15000.0,750.0,5188.429075667328,5188.429075667328,5188.429075667328,5188.429075667328,15016.0,7952,42888,12284.0
23,25600.0,800.0,10008.606516290725,10008.606516290729,10008.606516290729,10008.606516290729,9946.739130434782,2649,20651,10372.0
9,38400.0,400.0,6732.520833333334,6732.520833333334,6732.520833333334,6732.520833333334,14168.666666666666,11867,17985,14304.0
12,24000.0,200.0,4576.53125,4576.53125,4576.53125,4576.53125,3165.4166666666665,2406,4849,2680.0
18,12000.0,100.0,3965.699919871795,2377.538461538461,4576.53125,4576.53125,5118.111111111111,89,13399,2678.5
24,2400.0,20.0,4576.53125,4576.53125,4576.53125,4576.53125,1199.0,590,2090,1152.0
32,40000.0,2500.0,5445.83502415451,1845.0427350427344,9738.765763936628,5275.162420382166,19593.34375,4835,113603,7289.5
83,60000.0,2500.0,5131.645209989616,459.3153638814016,26197.76129032258,4785.891705069124,17606.530120481926,60,128729,1564.0
333,2400.0,100.0,3183.6819277379723,287.5336322869955,7374.840961098398,3003.4444444444453,7817.396396396396,112,85443,2476.0
12,1600.0,500.0,3808.414169268939,2723.386875612145,4024.6078431372553,3809.090656654808,11455.666666666666,5579,40992,8900.0
35,600.0,500.0,2576.2197623255647,1429.082191780822,5275.162420382166,1429.082191780822,17216.685714285715,994,65803,3832.0
32,10000.0,500.0,4327.995437175245,2520.754789272031,5296.242821999982,5188.429075667328,9644.3125,1526,32134,2687.0
58,8000.0,2000.0,4015.2990124302637,2691.0274864989224,5275.162420382166,3987.3481058112393,498.44827586206895,61,2044,186.5
45,15000.0,2500.0,5727.073582478581,1845.0427350427344,10395.307692307691,6238.074074074074,7536.266666666666,66,40629,280.0
132,1200.0,50.0,3273.9936132050793,497.76153091265945,7468.122727272727,2724.4435767195764,2021.689393939394,38,11550,166.0
80,18000.0,1500.0,4743.902837501405,1975.2819939932187,7468.122727272727,4785.891705069124,11181.375,65,123616,2432.0
147,9000.0,375.0,2709.680894418003,1396.6417333955935,15053.125,1975.2819939932187,8277.925170068027,56,62095,4095.0
75,30000.0,5000.0,17861.517656944223,985.9982728842832,33295.731138545954,23828.197370011392,11038.173333333334,42,173267,6188.0
23,60000.0,10000.0,17862.25050896323,4915.651162790698,33295.731138545954,23828.197370011392,10867.826086956522,1779,62993,10119.0
41,9000.0,750.0,2922.163207147609,1975.2819939932187,5188.429075667328,2724.4435767195764,10421.292682926829,4782,38994,6391.0
601,20.0,5.0,7914.727272727273,7914.727272727273,7914.727272727273,7914.727272727273,19420.542429284527,2572,53342,20071.0
56,1800.0,75.0,2721.459997235589,2691.0274864989224,2724.4435767195764,2724.4435767195764,10166.32142857143,389,30876,7924.5
24,8000.0,250.0,2669.41826536366,0.0,2872.061334769974,2781.5444106344485,17646.541666666668,6718,29756,18273.0
11,5.0,100.0,17494.733333333334,17494.733333333334,17494.733333333334,17494.733333333334,3799.4545454545455,1774,10543,2402.0
12,36000.0,6000.0,30277.477928823533,27259.224719101123,33295.731138545954,30277.477928823537,19170.166666666668,12298,24745,20134.5
162,8000.0,1000.0,6209.1607797538,0.0,10852.666666666666,6238.074074074074,6007.080246913581,49,61528,934.0
52,32000.0,4000.0,10482.383813533803,0.0,29137.58006574373,6238.074074074074,28340.76923076923,282,54155,33681.5
915,6000.0,500.0,3058.6846025365307,883.190561169057,7468.122727272727,3003.4444444444453,3981.216393442623,31,43986,425.0
852,800.0,1600.0,2890.5453660892904,1801.0692599620495,3003.4444444444453,3003.4444444444453,1741.5469483568074,68,17013,864.0
20,10000.0,1250.0,2700.7836892901882,2691.0274864989224,2886.1515423242467,2691.0274864989224,29705.15,19144,38254,31004.5
10,3000.0,750.0,5188.429075667328,5188.429075667328,5188.429075667328,5188.429075667328,18388.9,10405,36982,17153.0
39,3000.0,200.0,3331.558066647254,3305.6188430885813,3642.828749351324,3305.6188430885813,21622.79487179487,1216,71488,6433.0
13,5200.0,200.0,6716.153212293339,6364.689130434783,10395.307692307691,6364.689130434783,1451.3846153846155,172,7262,380.0
13,7800.0,300.0,3409.375737323271,3305.6188430885813,3642.828749351324,3305.6188430885813,12931.538461538461,6685,18432,13440.0
40,20000.0,2000.0,5870.928466010027,1125.4134384479194,10395.307692307691,6364.689130434783,3319.775,74,21058,207.5
20,20000.0,1000.0,6485.832393449657,6364.689130434783,6633.896381578948,6364.689130434783,23196.55,7032,38578,25608.5
18,4000.0,50.0,2024.3278811308894,1975.2819939932187,2416.6949782322567,1975.2819939932187,7852.111111111111,2053,30402,9704.5
12,100.0,300.0,3628.140026481031,2723.386875612145,3809.090656654808,3809.090656654808,1807.3333333333333,220,17818,346.5
16,60000.0,2000.0,1153.8791297206785,0.0,2155.8349514563106,1509.7878787878788,10457.0,2886,35143,9692.0
22,4000.0,100.0,1732.0738242133725,1084.8936668616334,3089.814285714285,1975.2819939932187,11302.772727272728,1952,96828,5460.5
46,9600.0,800.0,1565.7533758414704,542.8506097560977,2416.6949782322567,1801.0692599620495,18916.32608695652,4895,40819,13293.5
45,4800.0,800.0,8542.12062446253,569.3857935627083,24519.10462287105,9512.584928631968,19426.51111111111,149,87719,13324.0
74,400.0,400.0,4481.361466421118,2872.061334769974,6719.010037878788,3987.3481058112393,5886.540540540541,87,44254,2270.5
36,40000.0,2000.0,5253.84749424528,4915.651162790698,5275.162420382166,5275.162420382166,832.5277777777778,265,2081,637.0
12,32000.0,2000.0,5255.031242988439,5226.847594637224,5275.162420382166,5275.162420382166,3923.6666666666665,2366,7550,3673.0
12,900.0,300.0,3809.090656654808,3809.090656654808,3809.090656654808,3809.090656654808,208.66666666666666,117,352,203.5
33,200.0,200.0,44354.03259871442,8298.388888888889,107451.40909090907,8298.388888888889,532.5757575757576,140,3235,281.0
24,4000.0,1000.0,5254.143431431071,4915.651162790698,5275.162420382166,5275.162420382166,957.2083333333334,297,2747,604.0
14,30000.0,1000.0,614.4945168733644,0.0,2015.802030456853,0.0,16733.14285714286,13419,23075,16144.5
57,1200.0,200.0,4236.571682638209,1381.9339321400644,7468.122727272727,3003.4444444444453,1766.3684210526317,94,30177,597.0
30,12000.0,200.0,1818.1762679508874,0.0,3003.4444444444453,2015.802030456853,4874.333333333333,2329,8408,4195.5
24,80000.0,10000.0,6199.452946150527,1845.0427350427344,9738.765763936628,5275.162420382166,6785.208333333333,93,15500,6471.0
22,6000.0,1500.0,4785.891705069124,4785.891705069124,4785.891705069124,4785.891705069124,10587.40909090909,1234,30849,7969.0
23,400.0,200.0,4482.836910921577,3809.090656654808,5296.242821999982,3809.090656654808,506.39130434782606,102,1261,169.0
23,90000.0,3750.0,9263.713883194163,2413.538154696039,23686.86128364389,4605.8515582679975,17346.782608695652,4837,139692,6851.0
15,16000.0,500.0,4901.5534182875945,1975.2819939932187,6364.689130434783,6364.689130434783,12120.933333333332,1196,30351,4707.0
10,50000.0,500.0,3955.749658866479,3671.363636363637,3987.3481058112393,3987.3481058112393,17217.9,12955,29591,15896.5
22,36000.0,750.0,2961.452771287772,1975.2819939932187,3987.3481058112393,2416.6949782322567,2958.2727272727275,1114,7297,3247.0
1892,20.0,10.0,7914.727272727277,7914.727272727273,7914.727272727273,7914.727272727273,7635.032769556025,15,35657,5978.0
13,2400.0,500.0,3684.033324987487,2015.802030456853,3987.3481058112393,3987.3481058112393,10988.461538461539,4433,17210,11110.0
36,48000.0,4000.0,5206.441202371429,4915.651162790698,5275.162420382166,5226.847594637224,680.7777777777778,382,1401,613.5
78,2000.0,200.0,4915.638118907956,3003.4444444444453,5937.354838709676,5188.429075667328,2100.8205128205127,59,21782,1039.0
29,15000.0,1250.0,4376.534207903893,3671.363636363637,5275.162420382166,3987.3481058112393,3247.793103448276,185,10106,786.0
30,24000.0,4000.0,5157.388362432757,567.1926388291002,7423.285714285716,5226.847594637224,3225.5333333333333,120,39883,243.5
87,6000.0,200.0,8882.085866071031,0.0,12439.728,8338.42857142857,1678.3103448275863,216,5562,1432.0
35,5000.0,500.0,1993.2238704994852,287.5336322869955,5275.162420382166,497.76153091265945,2333.6285714285714,345,20870,1772.0
7,4800.0,150.0,2461.7668583742634,0.0,2872.061334769974,2872.061334769974,9777.0,3058,22454,7597.0
14,90000.0,7500.0,9434.023768472895,1845.0427350427344,15053.125,9738.765763936628,2249.0714285714284,137,4235,2279.5
68,60000.0,5000.0,7036.541968891244,2155.8349514563106,23064.17219037934,5058.211820812347,11251.485294117647,957,52967,3471.5
37,3600.0,150.0,2107.3866796692178,542.8506097560977,3003.4444444444453,2724.4435767195764,7825.675675675676,733,21347,1732.0
24,40000.0,10000.0,6141.547520957989,1845.0427350427344,9738.765763936628,5226.847594637224,11043.541666666666,2888,67526,5532.0
12,9000.0,225.0,3003.4444444444453,3003.4444444444453,3003.4444444444453,3003.4444444444453,5150.833333333333,4057,7727,4826.5
87,20000.0,1250.0,4708.613539898539,3671.363636363637,5275.162420382166,5275.162420382166,9729.574712643678,274,35744,2791.0
38,16800.0,700.0,5922.857429837902,3003.4444444444453,10819.736842105263,5188.429075667328,4261.3421052631575,82,10706,3466.5
77,3000.0,250.0,5141.326190590503,2447.736021300875,7468.122727272727,5330.531936555568,9698.35064935065,54,49769,3948.0
14,1600.0,800.0,3684.7782860033485,2723.386875612145,4024.6078431372553,3809.090656654808,2114.785714285714,124,26251,167.5
37,17400.0,725.0,3003.4444444444443,3003.4444444444453,3003.4444444444453,3003.4444444444453,10222.648648648648,5472,24650,8982.0
29,19200.0,3200.0,7366.043885218947,1845.0427350427344,10395.307692307691,6364.689130434783,4276.413793103448,255,27953,910.0
40,15600.0,650.0,3003.4444444444453,3003.4444444444453,3003.4444444444453,3003.4444444444453,4798.9,3074,12999,4605.0
63,21600.0,900.0,4134.484321931424,3003.4444444444453,10395.307692307691,3003.4444444444453,8600.460317460318,93,19188,8299.0
9,22200.0,925.0,3003.4444444444453,3003.4444444444453,3003.4444444444453,3003.4444444444453,13383.888888888889,12203,15373,13305.0
6,18600.0,775.0,3003.4444444444453,3003.4444444444453,3003.4444444444453,3003.4444444444453,9603.666666666666,7584,16206,8528.5
37,4000.0,2000.0,6315.525398731288,2413.538154696039,23686.86128364389,4605.8515582679975,16830.837837837837,82,93451,14059.0
25,60000.0,7500.0,6513.671516812589,1584.7093596059117,9738.765763936628,5275.162420382166,11605.32,991,27798,7299.0
14,21000.0,875.0,3003.4444444444453,3003.4444444444453,3003.4444444444453,3003.4444444444453,7468.071428571428,2954,18034,7307.5
82,600.0,400.0,4285.742915686305,459.9520682187679,7975.916666666668,2500.6492537313434,13560.414634146342,44,133556,502.0
36,1800.0,200.0,2303.3735968417045,1429.082191780822,4576.53125,1429.082191780822,18851.722222222223,22,65256,7659.5
14,48000.0,2000.0,3923.9491069825494,3671.363636363637,4363.7,3987.3481058112393,13892.57142857143,1114,24755,17490.5
19,36000.0,1500.0,3718.2861828592554,3003.4444444444453,5275.162420382166,3003.4444444444453,14578.947368421053,5958,25437,12788.0
4,11400.0,475.0,3003.4444444444453,3003.4444444444453,3003.4444444444453,3003.4444444444453,1704.0,1426,1981,1704.5
10,16200.0,675.0,3003.4444444444453,3003.4444444444453,3003.4444444444453,3003.4444444444453,7330.1,1629,12814,7225.5
14,4800.0,100.0,2006.811492867436,1975.2819939932187,2416.6949782322567,1975.2819939932187,6356.142857142857,5044,7747,6149.0
16,21000.0,3500.0,3951.6230111766117,3671.363636363637,4363.7,3987.3481058112393,14970.3125,13356,18659,14564.5
6,21000.0,1750.0,3987.348105811239,3987.3481058112393,3987.3481058112393,3987.3481058112393,15588.333333333334,13681,17308,15593.5
14,36600.0,1525.0,3757.768068454226,2661.543731778426,4214.825716533663,4214.825716533663,7346.785714285715,5385,9188,7415.0
45,40000.0,1250.0,2661.3090371829953,2520.754789272031,2886.1515423242467,2691.0274864989224,17368.066666666666,5138,84312,9352.0
10,5000.0,1250.0,6364.689130434783,6364.689130434783,6364.689130434783,6364.689130434783,5223.3,2465,25143,3019.5
111,2000.0,500.0,4430.708623369984,1309.6846153846152,5275.162420382166,4785.891705069124,7785.063063063063,39,65522,95.0
11,500.0,125.0,6364.689130434782,6364.689130434783,6364.689130434783,6364.689130434783,11645.727272727272,9324,15831,10959.0
12,12000.0,4000.0,5161.127193111827,4915.651162790698,5275.162420382166,5226.847594637224,2263.6666666666665,608,12407,790.5
21,15000.0,1500.0,477.73982628164384,287.5336322869955,497.76153091265945,497.76153091265945,10614.285714285714,4503,23692,7557.0
2,8400.0,1400.0,1927.769536853139,1328.3815789473686,2527.1574947589097,1927.769536853139,21415.0,1046,41784,21415.0
89,50.0,500.0,3718.9176545492674,2515.78715765141,4462.67105263158,4462.67105263158,3474.112359550562,78,13370,752.0
29,1000.0,1000.0,5481.3146318158015,681.1876019575858,6652.039251650769,5161.531389026199,362.8965517241379,48,1018,322.0
1250,100.0,25.0,7917.88719090909,7914.727272727273,11864.625,7914.727272727273,1461.8816,63,12742,1016.5
9,20000.0,300.0,3987.3481058112393,3987.3481058112393,3987.3481058112393,3987.3481058112393,9191.0,4720,14066,8889.0
146,16000.0,1000.0,5889.143874443459,0.0,24519.10462287105,4785.891705069124,1469.8835616438357,97,79183,381.0
24,9000.0,300.0,2724.4435767195764,2724.4435767195764,2724.4435767195764,2724.4435767195764,2136.25,1419,3682,2017.5
13,24000.0,3000.0,6884.744907642393,3987.3481058112393,10395.307692307691,6364.689130434783,964.4615384615385,88,7251,145.0
11,24000.0,1000.0,5059.574025974026,3089.814285714285,7423.285714285716,3089.814285714285,2655.2727272727275,33,5848,4054.0
36,50000.0,1250.0,3934.6840275699733,3671.363636363637,3987.3481058112393,3987.3481058112393,2201.8888888888887,107,68694,264.5
11,120000.0,5000.0,5839.052943380887,5226.847594637224,7423.285714285716,5275.162420382166,4033.6363636363635,61,8495,4568.0
12,2600.0,100.0,6517.072584159109,6134.7058823529405,8428.906093189964,6134.7058823529405,27333.25,1452,125052,3352.5
12,4200.0,175.0,1396.6417333955935,1396.6417333955935,1396.6417333955935,1396.6417333955935,2267.0,325,6085,336.0
29,12000.0,750.0,5273.496391908202,5226.847594637224,5275.162420382166,5275.162420382166,2530.8275862068967,208,7329,2199.0
6,2000.0,400.0,2075.487452732898,2075.487452732898,2075.487452732898,2075.487452732898,8627.333333333334,7980,9608,8581.5
32,1800.0,400.0,3323.594478989132,2515.78715765141,4024.6078431372553,3809.090656654808,15063.9375,34,54997,1496.5
14,6000.0,90.0,5454.340516329902,5188.429075667328,7049.809160305344,5188.429075667328,6842.642857142857,5398,8684,7021.0
68,8000.0,500.0,4863.069516294238,0.0,7468.122727272727,5275.162420382166,24206.264705882353,76,107401,11949.5
8,3600.0,300.0,3134.2693498452013,3134.2693498452013,3134.2693498452013,3134.2693498452013,3502.75,2273,8464,2856.0
9,30000.0,1500.0,4899.610326548675,3089.814285714285,19377.9786532238,3089.814285714285,6733.111111111111,1601,32046,3394.0
53,16000.0,2000.0,13828.887400557735,6364.689130434783,23686.86128364389,6633.896381578948,24678.037735849055,98,72677,2536.0
22,5000.0,250.0,2691.0274864989215,2691.0274864989224,2691.0274864989224,2691.0274864989224,13579.818181818182,10183,19414,12727.0
12,80000.0,4000.0,5225.071971522484,4915.651162790698,5275.162420382166,5251.005007509695,1773.5833333333333,1391,2463,1686.5
11,10800.0,600.0,7512.895511153606,6364.689130434783,10395.307692307691,6364.689130434783,1630.090909090909,190,10593,588.0
12,16000.0,4000.0,8133.84928159655,6364.689130434783,10395.307692307691,6633.896381578948,5318.833333333333,83,24979,2407.0
24,19200.0,800.0,4295.7678637588115,2025.220680628272,6633.896381578948,4785.891705069124,3918.2083333333335,847,11870,1935.0
16,1800.0,15.0,10312.498579545454,7468.122727272727,15053.125,7468.122727272727,23083.4375,485,96016,13826.0
17,10000.0,5000.0,5206.035160131326,4915.651162790698,5275.162420382166,5275.162420382166,24198.647058823528,2600,76737,7651.0
10,21600.0,1200.0,3323.6278669628277,3191.56338028169,3455.6923536439663,3323.627866962828,90.8,42,249,61.0
12,5400.0,225.0,2724.443576719576,2724.4435767195764,2724.4435767195764,2724.4435767195764,14821.333333333334,12316,17441,14943.0
40,24000.0,2000.0,3576.6794298561263,2520.754789272031,19377.9786532238,2691.0274864989224,8604.675,682,51605,4230.5
15,84000.0,3500.0,3153.025773496183,1457.219976103594,4785.891705069124,2771.272966048553,55376.53333333333,11085,166182,19307.0
11,52000.0,2000.0,5698.387626156834,3512.815249266863,10856.285714285714,3512.815249266863,9708.90909090909,7281,12576,9713.0
11,41600.0,1600.0,3263.7332890523567,2400.6585365853657,3455.6923536439663,3455.6923536439663,3563.909090909091,2764,4223,3571.0
17,16000.0,1600.0,7216.098144418783,2691.0274864989224,41154.12807881773,2691.0274864989224,1420.8235294117646,691,5974,814.0
26,2400.0,80.0,2703.158380148908,2447.736021300875,2724.4435767195764,2724.4435767195764,10746.653846153846,6558,16996,10114.5
20,4800.0,160.0,2710.608198948641,2447.736021300875,2724.4435767195764,2724.4435767195764,18792.4,3495,41067,21440.5
35,8000.0,1600.0,2691.027486498922,2691.0274864989224,2691.0274864989224,2691.0274864989224,138.28571428571428,92,195,131.0
14,3000.0,50.0,1599.6328099467298,0.0,3134.2215477996965,2015.802030456853,4998.142857142857,33,8724,4884.5
24,5000.0,5000.0,1443.825353666031,985.9982728842832,1651.979232974139,1651.979232974139,1692.2083333333333,1127,3293,1513.5
20,64000.0,2000.0,13110.713356497126,3512.815249266863,24519.10462287105,14175.509523809524,9111.6,1790,43433,8481.0
12,24000.0,3200.0,5286.777471365075,5188.429075667328,5937.354838709676,5188.429075667328,4807.166666666667,3683,8162,4500.0
46,9600.0,320.0,2753.0139931046397,2447.736021300875,3191.357142857143,2724.4435767195764,1287.8695652173913,128,2355,1351.5
9,90000.0,5000.0,1514.728150050521,1309.6846153846152,2288.9873983739835,1454.032786885246,941.2222222222222,508,1421,897.0
1,23400.0,975.0,3003.4444444444453,3003.4444444444453,3003.4444444444453,3003.4444444444453,2018.0,2018,2018,2018.0
1,33000.0,1375.0,3003.4444444444453,3003.4444444444453,3003.4444444444453,3003.4444444444453,10225.0,10225,10225,10225.0
9,6400.0,200.0,13162.569345340227,2872.061334769974,16102.714491217444,16102.714491217444,40980.22222222222,5644,51706,50803.0
1,6000.0,300.0,2724.4435767195764,2724.4435767195764,2724.4435767195764,2724.4435767195764,4851.0,4851,4851,4851.0
4,1500.0,1500.0,4785.891705069124,4785.891705069124,4785.891705069124,4785.891705069124,48581.5,32186,64374,48883.0
9,24000.0,8000.0,5248.3208505238645,5226.847594637224,5275.162420382166,5226.847594637224,3552.222222222222,539,11705,1190.0
3,33600.0,1400.0,3003.4444444444453,3003.4444444444453,3003.4444444444453,3003.4444444444453,10618.0,7557,12547,11750.0
44,4800.0,300.0,14363.018053783197,0.0,33368.80769230769,17494.733333333334,9478.318181818182,56,49851,931.0
16,3000.0,100.0,1850.0813969680091,0.0,2691.0274864989224,2691.0274864989224,8376.875,113,14965,9375.5
14,4000.0,400.0,2239.1497208732117,1277.7585724282717,2399.3815789473683,2399.3815789473683,6846.0,2540,13024,6782.0
1,34200.0,1425.0,3003.4444444444453,3003.4444444444453,3003.4444444444453,3003.4444444444453,9281.0,9281,9281,9281.0
58,2400.0,300.0,8273.95785440613,7280.055555555555,9201.6,9201.6,584.0862068965517,396,1581,587.5
8,20000.0,400.0,3947.850047130289,3671.363636363637,3987.3481058112393,3987.3481058112393,6924.125,5071,8879,6828.0
1,600.0,40.0,3089.814285714285,3089.814285714285,3089.814285714285,3089.814285714285,565.0,565,565,565.0
1,600.0,150.0,4434.368421052632,4434.368421052632,4434.368421052632,4434.368421052632,50.0,50,50,50.0
10,84000.0,7000.0,3778.5823355588377,2771.272966048553,4785.891705069124,3778.5823355588386,29902.9,20422,47137,27653.0
15,9600.0,1600.0,1983.1836872934791,569.3857935627083,3631.2413793103447,2527.1574947589097,10596.2,101,98566,558.0
21,80000.0,5000.0,6525.711065680918,1845.0427350427344,9738.765763936628,6238.074074074074,5102.809523809524,2587,11827,4053.0
1356,600.0,5.0,7880.72548091,0.0,7914.727272727273,7914.727272727273,31.154867256637168,16,380,29.0
9,6000.0,125.0,5188.429075667328,5188.429075667328,5188.429075667328,5188.429075667328,141.0,115,165,141.0
6,9000.0,900.0,3544.752258068908,3544.7522580689083,3544.7522580689083,3544.7522580689083,7785.166666666667,6487,9931,7603.0
8,80000.0,2500.0,7059.099462365592,7059.099462365592,7059.099462365592,7059.099462365592,991.0,413,1652,956.5
33,6400.0,800.0,8632.64710988522,1975.2819939932187,41154.12807881773,1975.2819939932187,5823.69696969697,81,117117,255.0
162,1200.0,5.0,8289.001205173427,5476.428571428572,9201.6,9201.6,47.91975308641975,35,399,41.0
9,1200.0,400.0,4375.227899686521,3781.659090909091,5595.448275862069,3781.659090909091,6744.777777777777,2078,29964,2339.0
13,12800.0,800.0,9560.770037571941,7468.122727272727,18398.991309049205,7468.122727272727,1260.5384615384614,90,7342,168.0
12,300.0,50.0,3499.317221209842,694.1636216814716,4434.368421052632,4434.368421052632,96.41666666666667,54,153,100.5
2,51200.0,512.0,3703.083333333333,3407.166666666666,3999.0,3703.083333333333,1835.0,1668,2002,1835.0
2,8400.0,350.0,2527.1574947589097,2527.1574947589097,2527.1574947589097,2527.1574947589097,22684.0,3739,41629,22684.0
29,2000.0,4000.0,2837.599591412391,1801.0692599620495,3003.4444444444453,3003.4444444444453,357.2413793103448,86,2043,325.0
10,50000.0,2000.0,9014.76643373759,2413.538154696039,23686.86128364389,2413.538154696039,4753.9,2259,12386,3214.0
3,5600.0,175.0,2872.061334769974,2872.061334769974,2872.061334769974,2872.061334769974,7455.0,4800,9341,8224.0
1,800.0,25.0,2872.061334769974,2872.061334769974,2872.061334769974,2872.061334769974,39530.0,39530,39530,39530.0
2,12000.0,1500.0,3544.7522580689083,3544.7522580689083,3544.7522580689083,3544.7522580689083,154595.5,154285,154906,154595.5
10,45000.0,3000.0,7305.416468381448,6364.689130434783,10395.307692307691,6633.896381578948,9721.8,5884,18501,8943.0
15,120000.0,4000.0,5004.811520644569,1509.7878787878788,5275.162420382166,5275.162420382166,1285.5333333333333,517,3527,909.0
1,7200.0,1200.0,497.76153091265945,497.76153091265945,497.76153091265945,497.76153091265945,5791.0,5791,5791,5791.0
2,3200.0,400.0,29851.80607814761,29851.80607814761,29851.80607814761,29851.80607814761,962.5,946,979,962.5
2,4800.0,600.0,29851.80607814761,29851.80607814761,29851.80607814761,29851.80607814761,46794.0,46195,47393,46794.0
2,800.0,400.0,5069.497334051654,2872.061334769974,7266.933333333334,5069.497334051654,10261.0,487,20035,10261.0
7,24000.0,750.0,3987.3481058112384,3987.3481058112393,3987.3481058112393,3987.3481058112393,1575.5714285714287,1361,1972,1478.0
1,36000.0,600.0,3987.3481058112393,3987.3481058112393,3987.3481058112393,3987.3481058112393,20314.0,20314,20314,20314.0
5,600.0,600.0,14973.664809451127,3987.3481058112393,31453.13986491096,3987.3481058112393,33109.6,4441,78170,5277.0
6,15000.0,1000.0,6409.557005625476,6364.689130434783,6633.896381578948,6364.689130434783,18785.0,3147,42901,11137.5
2,10000.0,2000.0,1646.7803014425622,1277.7585724282717,2015.802030456853,1646.7803014425622,18211.0,17709,18713,18211.0
2,150000.0,5000.0,4460.404223227753,4460.404223227753,4460.404223227753,4460.404223227753,106861.0,84540,129182,106861.0
1,12000.0,600.0,2015.802030456853,2015.802030456853,2015.802030456853,2015.802030456853,5132.0,5132,5132,5132.0
1,10000.0,2500.0,1277.7585724282717,1277.7585724282717,1277.7585724282717,1277.7585724282717,17599.0,17599,17599,17599.0
1,6400.0,3200.0,2505.049322266153,2505.049322266153,2505.049322266153,2505.049322266153,7373.0,7373,7373,7373.0
3,900.0,75.0,3281.654110767114,976.2254901960785,4434.368421052632,4434.368421052632,184.33333333333334,115,306,132.0
14,1800.0,150.0,2730.3373180793083,2447.736021300875,3180.761099365751,2724.4435767195764,268.5,114,1121,157.0
233,1200.0,10.0,7983.983630222409,7914.727272727273,11948.910096818809,7914.727272727273,3421.6351931330473,38,8645,1369.0
4,500.0,30.0,9443.3876146789,9443.3876146789,9443.3876146789,9443.3876146789,37.0,20,82,23.0
4,18000.0,9000.0,8863.59284147099,6238.074074074074,9738.765763936628,9738.765763936628,149150.25,142750,155917,148967.0
6,38400.0,1600.0,4589.434228767874,2724.4435767195764,6633.896381578948,4544.56635357718,4784.5,1651,8898,4825.5
5,1500.0,100.0,6472.3720308924485,6364.689130434783,6633.896381578948,6364.689130434783,2033.2,715,5366,1516.0
1,300.0,25.0,4434.368421052632,4434.368421052632,4434.368421052632,4434.368421052632,70.0,70,70,70.0
2,18000.0,1200.0,5188.429075667328,5188.429075667328,5188.429075667328,5188.429075667328,14889.5,9648,20131,14889.5
2,4000.0,25.0,1975.2819939932187,1975.2819939932187,1975.2819939932187,1975.2819939932187,32306.5,30701,33912,32306.5
3,3000.0,1000.0,3693.9907793270318,3491.1666666666665,3795.402835657214,3795.402835657214,588.0,400,698,666.0
1,4500.0,300.0,1300.2504522840345,1300.2504522840345,1300.2504522840345,1300.2504522840345,2272.0,2272,2272,2272.0
1,6000.0,100.0,9443.3876146789,9443.3876146789,9443.3876146789,9443.3876146789,47.0,47,47,47.0
2,10800.0,450.0,2527.1574947589097,2527.1574947589097,2527.1574947589097,2527.1574947589097,42134.5,23086,61183,42134.5
3,50000.0,6250.0,2413.538154696039,2413.538154696039,2413.538154696039,2413.538154696039,328057.6666666667,303771,357540,322862.0
16,2000.0,50.0,10910.185142318245,7712.25,33295.731138545954,7712.25,15926.4375,50,108169,78.5
5,270000.0,22500.0,15053.125,15053.125,15053.125,15053.125,10536.4,2298,25113,2467.0
1,10800.0,1800.0,2527.1574947589097,2527.1574947589097,2527.1574947589097,2527.1574947589097,21576.0,21576,21576,21576.0
2,34800.0,1450.0,3003.4444444444453,3003.4444444444453,3003.4444444444453,3003.4444444444453,10597.5,10467,10728,10597.5
2,7200.0,225.0,2872.061334769974,2872.061334769974,2872.061334769974,2872.061334769974,10037.0,9131,10943,10037.0
2,36000.0,3000.0,4785.891705069124,4785.891705069124,4785.891705069124,4785.891705069124,51006.0,43695,58317,51006.0
1,9600.0,40.0,4576.53125,4576.53125,4576.53125,4576.53125,8278.0,8278,8278,8278.0
1,9600.0,200.0,1975.2819939932187,1975.2819939932187,1975.2819939932187,1975.2819939932187,5553.0,5553,5553,5553.0
