n_nodes,n_req,n_msg,exec_time,alpha,tot_utility,jaini,count_assigned,count_unassigned,tot_gpu_jobs,tot_gpu_nodes,assigned_sum_gpu,tot_used_gpu,unassigned_sum_gpu,tot_cpu_jobs,tot_cpu_nodes,assigned_sum_cpu,tot_used_cpu,unassigned_sum_cpu,tot_bw_jobs,tot_bw_nodes,assigned_sum_bw,tot_used_bw,unassigned_sum_bw,node_0_jobs,node_0_utility,node_0_initial_gpu,node_0_updated_gpu,node_0_used_gpu,node_0_initial_cpu,node_0_updated_cpu,node_0_used_cpu,node_0_initial_bw,node_0_updated_bw,node_0_used_bw,node_1_jobs,node_1_utility,node_1_initial_gpu,node_1_updated_gpu,node_1_used_gpu,node_1_initial_cpu,node_1_updated_cpu,node_1_used_cpu,node_1_initial_bw,node_1_updated_bw,node_1_used_bw,node_2_jobs,node_2_utility,node_2_initial_gpu,node_2_updated_gpu,node_2_used_gpu,node_2_initial_cpu,node_2_updated_cpu,node_2_used_cpu,node_2_initial_bw,node_2_updated_bw,node_2_used_bw,node_3_jobs,node_3_utility,node_3_initial_gpu,node_3_updated_gpu,node_3_used_gpu,node_3_initial_cpu,node_3_updated_cpu,node_3_used_cpu,node_3_initial_bw,node_3_updated_bw,node_3_used_bw,node_4_jobs,node_4_utility,node_4_initial_gpu,node_4_updated_gpu,node_4_used_gpu,node_4_initial_cpu,node_4_updated_cpu,node_4_used_cpu,node_4_initial_bw,node_4_updated_bw,node_4_used_bw,node_5_jobs,node_5_utility,node_5_initial_gpu,node_5_updated_gpu,node_5_used_gpu,node_5_initial_cpu,node_5_updated_cpu,node_5_used_cpu,node_5_initial_bw,node_5_updated_bw,node_5_used_bw,node_6_jobs,node_6_utility,node_6_initial_gpu,node_6_updated_gpu,node_6_used_gpu,node_6_initial_cpu,node_6_updated_cpu,node_6_used_cpu,node_6_initial_bw,node_6_updated_bw,node_6_used_bw,node_7_jobs,node_7_utility,node_7_initial_gpu,node_7_updated_gpu,node_7_used_gpu,node_7_initial_cpu,node_7_updated_cpu,node_7_used_cpu,node_7_initial_bw,node_7_updated_bw,node_7_used_bw,node_8_jobs,node_8_utility,node_8_initial_gpu,node_8_updated_gpu,node_8_used_gpu,node_8_initial_cpu,node_8_updated_cpu,node_8_used_cpu,node_8_initial_bw,node_8_updated_bw,node_8_used_bw,node_9_jobs,node_9_utility,node_9_initial_gpu,node_9_updated_gpu,node_9_used_gpu,node_9_initial_cpu,node_9_updated_cpu,node_9_used_cpu,node_9_initial_bw,node_9_updated_bw,node_9_used_bw
10,100,31016,133.21584272384644,0.0,191.19,0.9808105872622002,63,37,1600.0,62704.51,4770.0,4770.0,4260.0,1800.0,456781.86,40570.0,40570.01,23420.0,522502.49,791472.7000000001,332542.87,774942.64,189959.62,18,22.33,7505.1,6820.93,684.17,43586.73,38830.06,4756.67,79147.27,3996.58,75150.7,17,20.08,7947.32,7507.73,439.58,33167.14,27210.47,5956.67,79147.27,2750.67,76396.6,15,16.37,1722.19,1283.94,438.25,34115.79,30715.79,3400.0,79147.27,2143.17,77004.1,11,15.15,2100.3,1834.13,266.17,80473.77,77933.77,2540.0,79147.27,2265.85,76881.42,13,13.43,8644.06,8438.73,205.33,31774.57,28911.24,2863.33,79147.27,1814.15,77333.13,17,19.84,2787.02,2162.44,624.58,43255.97,38979.3,4276.67,79147.27,3734.49,75412.78,14,19.16,14978.09,14278.09,700.0,33640.58,29853.92,3786.67,79147.27,-5629.17,84776.45,18,23.1,4424.07,3906.24,517.83,76497.13,71407.13,5090.0,79147.27,3689.58,75457.69,15,23.02,3808.03,3327.61,480.42,46113.51,41960.18,4153.33,79147.27,5050.5,74096.78,16,18.7,8788.33,8374.67,413.67,34156.67,30410.0,3746.67,79147.27,-3285.72,82432.99
10,100,32972,138.24482083320618,0.0,166.87,0.9626784500339904,54,46,1600.0,94460.25,4050.0,4049.99,6420.0,1800.0,499242.53,39220.0,39219.99,31780.0,521621.23,791472.7000000001,282771.85,744011.26,238849.38,13,14.31,10475.01,10044.84,430.17,51543.71,48003.71,3540.0,79147.27,6074.76,73072.51,9,16.47,12193.95,11852.12,341.83,45315.64,42435.64,2880.0,79147.27,6857.05,72290.22,14,18.3,13093.2,12704.37,388.83,61665.98,57845.98,3820.0,79147.27,3087.48,76059.79,15,20.14,5054.96,4545.21,509.75,46245.36,41972.03,4273.33,79147.27,2895.11,76252.16,8,11.9,4284.25,4023.0,261.25,52397.31,48397.31,4000.0,79147.27,7153.33,71993.95,13,15.65,8788.33,8081.33,707.0,34156.67,28086.67,6070.0,79147.27,6419.21,72728.06,9,13.1,14435.83,14179.99,255.83,34579.9,30829.9,3750.0,79147.27,5863.1,73284.18,11,17.86,6588.99,6063.24,525.75,77046.58,72973.25,4073.33,79147.27,3253.97,75893.3,14,19.01,5628.15,5462.65,165.5,52738.78,49428.78,3310.0,79147.27,2148.6,76998.67,13,20.14,13917.58,13453.49,464.08,43552.6,40049.26,3503.33,79147.27,3708.86,75438.42
10,100,32034,134.2368941307068,0.0,183.25,0.9449438202247191,63,37,1600.0,74307.37,7770.0,7770.01,3075.0,1800.0,567735.3300000001,46760.0,46759.99,28170.0,507240.4,743872.2999999999,311695.3,717530.45,195545.11,13,16.27,7586.41,7029.74,556.67,50577.46,46237.46,4340.0,74387.23,7473.04,66914.2,21,24.91,2020.45,1566.78,453.67,64596.11,59138.78,5457.33,74387.23,-1571.3,75958.54,14,19.18,6947.27,6224.44,722.83,61345.64,58211.64,3134.0,74387.23,832.57,73554.67,19,23.12,14301.56,12192.47,2109.08,68040.76,62151.76,5889.0,74387.23,1302.26,73084.97,14,19.1,3420.34,3085.43,334.92,52669.01,49211.68,3457.33,74387.23,1708.52,72678.72,8,11.22,6478.47,5853.47,625.0,78175.21,73525.21,4650.0,74387.23,5106.93,69280.31,14,17.1,5487.95,4305.03,1182.92,37584.13,33299.13,4285.0,74387.23,2792.79,71594.44,17,20.16,1838.99,911.07,927.92,29658.04,23019.71,6638.33,74387.23,1530.04,72857.2,13,15.53,12264.06,11877.89,386.17,78271.25,73292.25,4979.0,74387.23,2732.65,71654.58,12,16.66,13961.87,13491.04,470.83,46817.72,42887.72,3930.0,74387.23,4434.41,69952.82
10,100,29581,130.20165824890137,0.0,164.95,0.9574097135740971,54,46,1600.0,65768.45,5570.0,5570.0,4675.0,1800.0,399792.29,36320.0,36319.99,31340.0,559090.36,791472.7000000001,295780.66,754624.74,263309.7,15,19.33,6040.43,5703.1,337.33,29906.77,25816.77,4090.0,79147.27,2270.78,76876.49,14,17.48,2265.36,1630.86,634.5,34452.57,29445.91,5006.67,79147.27,5768.36,73378.91,10,11.98,5293.76,4942.93,350.83,39593.41,37298.41,2295.0,79147.27,2541.32,76605.95,15,22.23,8198.11,6874.94,1323.17,73265.26,68541.92,4723.33,79147.27,2521.76,76625.51,13,16.57,2627.53,2203.03,424.5,36308.21,31104.88,5203.33,79147.27,2453.02,76694.25,8,8.64,11586.39,11365.72,220.67,53965.35,52100.35,1865.0,79147.27,2137.09,77010.19,13,19.0,4752.63,4400.63,352.0,32285.91,28617.58,3668.33,79147.27,4189.17,74958.1,8,10.94,8640.74,7640.74,1000.0,37801.6,35606.6,2195.0,79147.27,4396.6,74750.67,15,20.4,13834.18,13201.68,632.5,34423.81,30270.48,4153.33,79147.27,5588.7,73558.57,13,18.37,2529.32,2234.82,294.5,27789.4,24669.4,3120.0,79147.27,4981.17,74166.1
10,100,30733,138.2075641155243,0.0,192.82,0.979813401187447,54,46,1600.0,90354.12,4010.0,4010.0,4705.0,1800.0,502876.55000000005,39070.0,39069.99,31400.0,524631.53,791472.7000000001,277028.07,770819.43,247603.46,11,16.43,6643.78,6352.11,291.67,39458.84,35178.84,4280.0,79147.27,6097.33,73049.94,18,18.63,12051.04,11647.37,403.67,57338.61,54325.27,3013.33,79147.27,2907.48,76239.79,15,18.55,9081.39,8603.89,477.5,70304.36,66981.03,3323.33,79147.27,2201.68,76945.59,19,21.42,4915.41,4457.16,458.25,30833.48,25166.82,5666.67,79147.27,3966.04,75181.23,13,16.37,13887.84,13481.59,406.25,34639.38,31266.05,3373.33,79147.27,1235.61,77911.67,16,18.5,13162.9,12764.65,398.25,30167.65,26077.65,4090.0,79147.27,1053.93,78093.34,16,20.72,14837.37,14404.12,433.25,35369.46,31279.46,4090.0,79147.27,-542.2,79689.47,14,22.73,6503.02,6188.44,314.58,76011.76,72801.76,3210.0,79147.27,2139.36,77007.92,15,21.63,7183.72,6824.97,358.75,49514.71,45951.38,3563.33,79147.27,2389.02,76758.25,15,17.85,2087.65,1619.82,467.83,79238.3,74778.3,4460.0,79147.27,-794.96,79942.23
10,100,34407,130.2407534122467,0.0,184.08,0.98,56,44,200.0,82704.54999999999,3705.0,3704.99,3090.0,1800.0,632494.01,34840.0,34840.01,27900.0,489635.39,791472.7000000001,275515.6,754654.53,214119.78,13,17.33,13653.02,13325.52,327.5,70456.54,67596.54,2860.0,79147.27,4007.66,75139.61,13,16.48,8085.02,7825.94,259.08,75003.15,72423.15,2580.0,79147.27,6841.17,72306.11,17,23.29,6559.85,5988.6,571.25,40551.58,35061.58,5490.0,79147.27,3625.52,75521.75,14,18.43,2981.68,2675.52,306.17,44225.37,41048.7,3176.67,79147.27,2393.54,76753.73,12,15.48,4225.1,3876.76,348.33,72311.32,69981.32,2330.0,79147.27,5602.84,73544.43,16,17.95,11895.69,11548.69,347.0,80594.47,77207.81,3386.67,79147.27,2914.05,76233.22,18,22.14,14975.06,14385.06,590.0,32035.86,26955.86,5080.0,79147.27,3912.99,75234.28,15,17.52,8294.79,7961.04,333.75,67385.02,63408.35,3976.67,79147.27,1744.91,77402.36,17,18.91,5151.42,4744.83,406.58,79761.38,76368.04,3393.33,79147.27,2087.5,77059.78,12,16.56,6882.92,6667.59,215.33,70169.32,67602.66,2566.67,79147.27,3688.01,75459.26
10,100,30313,134.201105594635,0.0,176.78,0.9656934306569344,56,44,1600.0,55175.049999999996,4565.0,4564.99,5750.0,1800.0,509511.38,31765.0,31764.99,30660.0,572212.75,791472.7000000001,330999.21,757531.43,241213.54,14,17.46,4787.49,4453.74,333.75,54119.29,50809.29,3310.0,79147.27,73.92,79073.35,13,17.55,3912.64,3589.31,323.33,59575.32,56875.32,2700.0,79147.27,2427.07,76720.2,12,16.16,6951.52,6323.19,628.33,43814.82,39794.82,4020.0,79147.27,3205.6,75941.67,15,20.24,5679.4,5183.15,496.25,62421.67,58818.33,3603.33,79147.27,604.57,78542.7,10,14.54,10643.11,10359.78,283.33,66793.04,64939.71,1853.33,79147.27,5729.2,73418.07,9,18.06,7947.32,7616.07,331.25,33167.14,30597.14,2570.0,79147.27,8015.86,71131.41,14,18.32,1722.19,1303.44,418.75,34115.79,30825.79,3290.0,79147.27,3273.59,75873.68,9,12.11,2100.3,1771.96,328.33,80473.77,78613.77,1860.0,79147.27,4598.98,74548.29,16,19.57,8644.06,8069.89,574.17,31774.57,26701.24,5073.33,79147.27,1078.69,78068.58,14,22.77,2787.02,1939.52,847.5,43255.97,39770.97,3485.0,79147.27,4933.79,74213.48
10,100,35338,130.25058126449585,0.0,198.62,0.96815834767642,58,42,500.0,82254.21,4315.0,4314.99,3035.0,1800.0,645354.1599999999,40220.0,40219.99,26800.0,502869.03,791472.7000000001,293226.77,761764.88,209642.26,14,15.94,3709.51,3377.93,331.58,71037.92,68237.92,2800.0,79147.27,1499.9,77647.37,18,22.91,13918.46,13372.71,545.75,79292.55,74912.55,4380.0,79147.27,4247.73,74899.55,11,15.83,12649.86,12417.53,232.33,56558.38,53958.38,2600.0,79147.27,6888.38,72258.89,13,17.46,4242.42,3837.5,404.92,76796.89,73796.89,3000.0,79147.27,4702.59,74444.68,18,23.89,13995.3,13490.8,504.5,71717.64,65984.31,5733.33,79147.27,3157.99,75989.28,14,18.47,2087.65,1788.32,299.33,79238.3,75728.3,3510.0,79147.27,2392.06,76755.21,16,20.21,9260.03,8628.78,631.25,29379.91,22336.57,7043.33,79147.27,933.48,78213.79,13,16.01,9350.15,9037.65,312.5,73198.08,70008.08,3190.0,79147.27,-475.24,79622.51,13,19.46,7869.89,7536.56,333.33,51553.17,48673.17,2880.0,79147.27,4636.91,74510.36,20,28.44,5170.94,4451.44,719.5,56581.32,51497.99,5083.33,79147.27,1724.03,77423.24
10,100,33674,130.23277950286865,0.0,197.27,0.9695617529880478,58,42,1600.0,72690.63,9070.0,9069.99,2770.0,1800.0,536409.9700000001,41200.0,41200.01,28220.0,490966.61,791472.7000000001,284202.45,771722.38,206764.16,14,18.31,5758.38,4876.38,882.0,68572.89,65092.89,3480.0,79147.27,4112.25,75035.02,13,15.56,4249.55,3706.22,543.33,32005.44,29635.44,2370.0,79147.27,2035.63,77111.64,21,25.09,1905.45,147.2,1758.25,72043.27,64601.61,7441.67,79147.27,-4398.53,83545.8,16,18.99,10019.86,9270.03,749.83,52547.04,49887.04,2660.0,79147.27,-3301.73,82449.0,16,21.99,11674.77,11182.69,492.08,36583.2,31703.2,4880.0,79147.27,2227.84,76919.43,14,17.06,10482.79,9337.79,1145.0,55113.27,50946.6,4166.67,79147.27,3535.33,75611.94,20,27.48,3570.58,2175.99,1394.58,49345.59,44315.59,5030.0,79147.27,3596.24,75551.03,12,17.11,9102.29,8112.29,990.0,70491.19,68241.19,2250.0,79147.27,3383.05,75764.22,14,16.64,13670.27,13405.77,264.5,37701.61,34476.61,3225.0,79147.27,4433.69,74713.58,16,19.05,2256.69,1406.28,850.42,62006.47,56309.81,5696.67,79147.27,4126.55,75020.72
10,100,32957,130.23460221290588,0.0,180.57,0.9852626211116777,54,46,1600.0,84666.35,3610.0,3609.99,4200.0,1800.0,461066.2,35040.0,35040.01,28340.0,499769.98,791472.7000000001,274131.62,757949.08,225638.37,17,18.68,8569.64,8210.47,359.17,42903.57,39498.57,3405.0,79147.27,3838.18,75309.09,12,15.07,12481.18,12212.84,268.33,60263.59,57696.92,2566.67,79147.27,4259.53,74887.74,16,23.58,11714.49,11184.49,530.0,28149.32,24654.32,3495.0,79147.27,-89.87,79237.14,14,18.05,13496.0,13176.0,320.0,60184.7,56898.03,3286.67,79147.27,4340.06,74807.21,12,18.92,4700.67,4357.33,343.33,55855.6,50545.6,5310.0,79147.27,3032.56,76114.72,15,16.74,8640.74,8307.4,333.33,37801.6,34726.6,3075.0,79147.27,3776.83,75370.44,13,13.47,13834.18,13589.18,245.0,34423.81,31963.81,2460.0,79147.27,3751.61,75395.67,15,18.88,2529.32,1989.32,540.0,27789.4,21949.4,5840.0,79147.27,6506.58,72640.7,13,21.18,4787.49,4444.16,343.33,54119.29,50594.29,3525.0,79147.27,4312.67,74834.6,12,16.01,3912.64,3585.14,327.5,59575.32,57498.65,2076.67,79147.27,-204.5,79351.77
10,100,30599,130.22926783561707,0.0,187.44,0.9866666666666667,58,42,1600.0,50426.01,6800.0,6799.99,4430.0,1800.0,481514.36,38320.0,38320.0,28340.0,534764.38,791472.7000000001,308880.26,777437.71,225884.13,15,17.53,4071.62,3730.03,341.58,37321.89,32931.89,4390.0,79147.27,403.83,78743.45,18,17.64,2181.4,1351.99,829.42,62396.0,57726.0,4670.0,79147.27,2447.17,76700.1,16,19.43,2529.32,2171.32,358.0,27789.4,23136.07,4653.33,79147.27,-632.18,79779.45,16,19.75,4787.49,4313.91,473.58,54119.29,49962.62,4156.67,79147.27,3412.17,75735.1,13,16.5,3912.64,3258.14,654.5,59575.32,56691.99,2883.33,79147.27,81.43,79065.85,15,20.82,6951.52,6257.85,693.67,43814.82,40704.82,3110.0,79147.27,1301.43,77845.85,14,18.98,5679.4,3422.82,2256.58,62421.67,57535.0,4886.67,79147.27,1166.85,77980.42,16,23.13,10643.11,10320.28,322.83,66793.04,62669.71,4123.33,79147.27,2618.41,76528.87,13,18.58,7947.32,7368.98,578.33,33167.14,30140.47,3026.67,79147.27,256.88,78890.39,12,15.08,1722.19,1430.69,291.5,34115.79,31695.79,2420.0,79147.27,2979.04,76168.23
10,100,28728,130.2123851776123,0.0,161.09,0.9898047722342733,50,50,1000.0,68656.23999999999,3735.0,3735.01,4665.0,1800.0,523653.35,37420.0,37420.0,39020.0,501492.66,622669.6999999998,245949.41,594342.5,255543.25,11,13.41,12048.18,11674.02,374.17,31323.54,28096.88,3226.67,62266.97,2685.06,59581.91,13,18.19,7473.02,7096.35,376.67,42330.31,39140.31,3190.0,62266.97,1210.6,61056.37,11,19.3,3346.62,2932.45,414.17,30006.17,25416.17,4590.0,62266.97,5251.7,57015.27,13,17.09,9215.06,8693.39,521.67,55064.19,49857.52,5206.67,62266.97,2463.72,59803.25,11,14.5,2911.14,2703.64,207.5,71640.93,68970.93,2670.0,62266.97,5048.85,57218.12,11,13.73,2877.1,2589.18,287.92,56024.24,52294.24,3730.0,62266.97,2740.59,59526.38,11,13.31,10208.86,9803.03,405.83,66898.49,64005.15,2893.33,62266.97,2700.58,59566.39,14,19.31,2112.22,1582.22,530.0,64979.5,60129.5,4850.0,62266.97,2376.88,59890.09,12,16.42,13292.72,13031.47,261.25,70955.0,67115.0,3840.0,62266.97,3202.11,59064.86,10,15.81,5171.32,4815.49,355.83,34430.98,31207.65,3223.33,62266.97,647.11,61619.86
10,100,32962,130.22653150558472,0.0,198.85,0.9674911660777386,61,39,1600.0,86268.13999999998,5525.0,5524.99,3035.0,1800.0,481530.33,42160.0,42159.99,23520.0,512588.88,791472.7000000001,327045.64,770240.5,185543.24,17,24.81,9895.52,9451.44,444.08,63341.33,58751.33,4590.0,79147.27,-1143.28,80290.56,15,20.63,11770.03,10485.11,1284.92,29391.89,25761.89,3630.0,79147.27,1958.5,77188.78,14,17.69,6851.23,6484.65,366.58,36945.52,33450.52,3495.0,79147.27,3143.97,76003.31,17,21.19,9539.5,9073.84,465.67,29275.68,23532.34,5743.33,79147.27,2231.85,76915.42,21,23.22,7364.63,6793.04,571.58,66125.25,60576.92,5548.33,79147.27,1808.4,77338.87,14,17.53,12837.49,12460.07,377.42,52451.76,48356.76,4095.0,79147.27,204.61,78942.66,13,22.38,8825.08,8595.75,229.33,38037.51,34270.84,3766.67,79147.27,3879.6,75267.67,11,15.72,6147.32,5932.48,214.83,48233.81,44755.48,3478.33,79147.27,4296.65,74850.63,13,18.3,1943.11,1505.36,437.75,42067.77,38324.44,3743.33,79147.27,2779.01,76368.26,13,17.39,11094.23,9961.4,1132.83,75659.81,71589.81,4070.0,79147.27,2072.93,77074.34
10,100,30881,130.2115819454193,0.0,156.66,0.9912660798916723,45,55,1600.0,81997.81,4825.0,4825.0,5135.0,1800.0,607931.56,30290.0,30289.99,33840.0,564097.23,791472.7000000001,262373.92,762097.22,301723.32,10,11.47,10926.02,10731.85,194.17,45373.15,42688.15,2685.0,79147.27,5518.69,73628.59,13,13.99,10132.26,9909.43,222.83,28350.58,24958.91,3391.67,79147.27,2841.52,76305.75,12,15.73,10568.18,9037.85,1530.33,77752.66,75007.66,2745.0,79147.27,3504.23,75643.05,12,16.16,12374.7,11315.53,1059.17,69449.5,67069.5,2380.0,79147.27,-1485.76,80633.03,14,19.8,4552.33,4272.0,280.33,43533.25,40433.25,3100.0,79147.27,433.04,78714.23,13,17.87,13339.24,12880.9,458.33,78330.23,73976.9,4353.33,79147.27,6325.92,72821.36,12,16.13,4330.69,4072.03,258.67,60377.42,57334.08,3043.33,79147.27,2283.77,76863.5,11,15.98,6503.02,6201.86,301.17,76011.76,72531.76,3480.0,79147.27,4340.32,74806.95,13,15.6,7183.72,6830.39,353.33,49514.71,46221.38,3293.33,79147.27,1492.69,77654.59,11,13.94,2087.65,1920.99,166.67,79238.3,77419.96,1818.33,79147.27,4121.1,75026.17
10,100,32958,130.22110795974731,0.0,196.84,0.9717310087173101,58,42,1600.0,65654.03,5970.0,5969.99,3250.0,1800.0,527503.6400000001,40540.0,40540.0,32640.0,502997.99,791472.7000000001,292925.39,761574.33,210072.6,16,20.31,3834.5,3508.25,326.25,29893.55,25116.88,4776.67,79147.27,3285.71,75861.56,18,24.55,8294.79,7765.21,529.58,67385.02,63398.35,3986.67,79147.27,1808.94,77338.34,12,13.62,5151.42,4458.08,693.33,79761.38,75898.04,3863.33,79147.27,5217.35,73929.92,13,17.36,6882.92,6425.84,457.08,70169.32,67449.32,2720.0,79147.27,6800.67,72346.6,20,27.36,11724.75,10956.83,767.92,53480.4,47490.4,5990.0,79147.27,3306.41,75840.86,17,20.38,6547.6,5661.35,886.25,36110.08,30856.75,5253.33,79147.27,2954.31,76192.96,11,16.42,4686.65,4448.32,238.33,32570.97,30290.97,2280.0,79147.27,3809.36,75337.91,15,19.44,7183.72,6207.47,976.25,49514.71,45528.05,3986.67,79147.27,-2456.34,81603.62,15,18.99,2087.65,1771.82,315.83,79238.3,75768.3,3470.0,79147.27,3178.12,75969.16,16,18.42,9260.03,8480.86,779.17,29379.91,25166.57,4213.33,79147.27,1993.87,77153.4
10,100,32749,130.24171710014343,0.0,176.54,0.9712261846604787,56,44,1600.0,78050.91,7005.0,7004.99,4195.0,1800.0,618012.8400000001,38560.0,38560.01,28660.0,506633.56,791472.7000000001,270949.67,754968.48,235683.89,9,10.14,2256.69,2130.03,126.67,62006.47,60849.81,1156.67,79147.27,5127.01,74020.26,16,19.07,4401.18,4035.35,365.83,75176.31,71201.31,3975.0,79147.27,406.12,78741.15,13,17.93,10228.12,8296.04,1932.08,72601.8,68505.13,4096.67,79147.27,1717.89,77429.38,15,16.36,8026.34,7627.59,398.75,67179.94,63099.94,4080.0,79147.27,6301.11,72846.16,13,17.67,9670.74,9387.41,283.33,35035.07,31648.4,3386.67,79147.27,5242.58,73904.7,18,23.22,12359.26,11744.68,614.58,42532.5,37105.84,5426.67,79147.27,4013.27,75134.0,13,17.67,3129.01,2524.42,604.58,61768.62,57428.62,4340.0,79147.27,5147.46,73999.81,13,15.28,8593.39,6768.39,1825.0,67403.95,63837.29,3566.67,79147.27,5052.46,74094.82,17,20.13,12582.73,12093.98,488.75,61458.75,56850.42,4608.33,79147.27,-1516.64,80663.91,14,19.06,6803.45,6438.04,365.42,72849.43,68926.1,3923.33,79147.27,5012.98,74134.29
10,100,33464,155.31836795806885,0.0,187.92,0.9838558727187646,59,41,1600.0,65823.43000000001,4120.0,4120.01,4670.0,1800.0,622403.8999999999,39710.0,39709.99,26540.0,508937.5,791472.7000000001,293584.99,764367.38,215352.51,14,17.31,3102.69,2746.02,356.67,71690.25,68110.25,3580.0,79147.27,2884.97,76262.3,13,17.59,4242.42,4000.75,241.67,76796.89,73951.89,2845.0,79147.27,-633.64,79780.91,12,15.22,13995.3,13733.22,262.08,71717.64,69397.64,2320.0,79147.27,2938.32,76208.96,18,22.22,2087.65,1508.49,579.17,79238.3,74004.96,5233.33,79147.27,4605.66,74541.62,17,22.99,9260.03,8744.2,515.83,29379.91,24163.24,5216.67,79147.27,2499.06,76648.21,15,19.91,9350.15,8673.48,676.67,73198.08,67914.74,5283.33,79147.27,4269.09,74878.19,16,22.95,7869.89,7392.39,477.5,51553.17,46478.17,5075.0,79147.27,5832.63,73314.64,13,16.38,5170.94,4875.1,295.83,56581.32,53211.32,3370.0,79147.27,2096.24,77051.04,14,15.94,2100.3,1741.13,359.17,80473.77,77790.44,2683.33,79147.27,1789.73,77357.54,13,17.41,8644.06,8288.64,355.42,31774.57,27671.24,4103.33,79147.27,823.3,78323.97
10,100,28115,130.23259019851685,0.0,141.14,0.9214995483288166,40,60,1600.0,88665.62,4360.0,4359.99,6175.0,1800.0,532052.51,29620.0,29620.0,37820.0,548042.51,791472.7000000001,236166.29,752401.56,311876.22,7,12.38,3662.45,3542.45,120.0,32773.77,31383.77,1390.0,79147.27,4161.06,74986.21,5,5.21,6710.4,6602.07,108.33,27334.2,25244.2,2090.0,79147.27,7348.4,71798.87,13,17.06,13858.63,13099.04,759.58,50964.39,46554.39,4410.0,79147.27,3670.48,75476.79,11,14.96,10713.44,10397.61,315.83,60929.29,57029.29,3900.0,79147.27,5246.9,73900.38,8,12.82,5156.12,4957.37,198.75,29596.93,27856.93,1740.0,79147.27,6864.41,72282.86,11,16.63,3485.63,2257.3,1228.33,78626.1,75966.1,2660.0,79147.27,2495.33,76651.95,7,8.78,10641.2,10452.45,188.75,69385.21,67475.21,1910.0,79147.27,5265.81,73881.46,14,22.97,6597.63,6018.88,578.75,64303.5,61163.5,3140.0,79147.27,3373.63,75773.64,13,16.99,14541.81,14340.14,201.67,56259.36,52259.36,4000.0,79147.27,697.45,78449.83,12,13.34,13298.31,12638.31,660.0,61879.76,57499.76,4380.0,79147.27,-52.29,79199.57
10,100,31270,135.20862746238708,0.0,210.72,0.9810126582278481,66,34,1600.0,102171.72,4130.0,4130.0,3900.0,1800.0,600759.25,45460.0,45459.98,24200.0,535474.54,791472.7000000001,337678.49,761011.01,197796.05,15,22.33,12840.57,12533.24,307.33,69393.2,64903.87,4489.33,79147.27,5097.96,74049.32,17,21.41,10205.69,9831.94,373.75,67783.43,62703.43,5080.0,79147.27,-829.42,79976.69,12,16.26,14698.32,14416.32,282.0,48138.33,45404.99,2733.33,79147.27,325.25,78822.02,19,27.32,12621.4,12126.48,494.92,75341.29,70167.96,5173.33,79147.27,4881.7,74265.57,15,17.92,9084.2,8732.54,351.67,74852.91,69822.91,5030.0,79147.27,771.92,78375.36,19,24.57,10532.97,9898.8,634.17,40694.3,34750.96,5943.33,79147.27,1813.92,77333.35,15,24.05,12660.82,12222.57,438.25,79594.4,75804.4,3790.0,79147.27,5380.23,73767.05,15,18.31,3827.85,3310.76,517.08,53431.12,47517.79,5913.33,79147.27,3981.18,75166.09,13,15.89,5224.89,4927.06,297.83,39986.56,36956.56,3030.0,79147.27,5758.03,73389.24,15,22.68,10475.01,10042.01,433.0,51543.71,47266.37,4277.33,79147.27,3280.95,75866.32
10,100,30334,130.24076890945435,0.0,171.51,0.966295609152752,51,49,400.0,64660.14,3115.0,3115.02,4085.0,1800.0,544367.6799999999,33860.0,33860.0,34230.0,533313.74,791472.7000000001,291838.76,754651.74,241474.98,10,12.45,9340.22,9099.56,240.67,38109.1,35611.76,2497.33,79147.27,4495.43,74651.85,15,27.05,3563.83,2982.67,581.17,30403.91,23643.91,6760.0,79147.27,3439.5,75707.78,8,9.91,4330.69,4156.53,174.17,60377.42,58707.42,1670.0,79147.27,7128.9,72018.37,15,19.64,6503.02,6191.36,311.67,76011.76,72901.76,3110.0,79147.27,3590.19,75557.09,12,15.25,7183.72,6928.81,254.92,49514.71,46939.05,2575.67,79147.27,3005.89,76141.38,10,11.94,2087.65,1964.4,123.25,79238.3,77393.3,1845.0,79147.27,5055.5,74091.78,14,17.53,9260.03,9082.78,177.25,29379.91,26374.24,3005.67,79147.27,3215.71,75931.56,13,16.59,9350.15,8960.23,389.92,73198.08,69179.08,4019.0,79147.27,3501.45,75645.82,13,16.41,7869.89,7504.06,365.83,51553.17,48283.17,3270.0,79147.27,2857.67,76289.6,15,24.74,5170.94,4674.77,496.17,56581.32,51473.99,5107.33,79147.27,530.76,78616.51
10,100,33395,133.23859095573425,0.0,193.74,0.980819529206626,63,37,1600.0,86115.64,5630.0,5630.01,2845.0,1800.0,581698.69,39820.0,39819.99,24440.0,491461.05,791472.7000000001,311663.38,754476.04,179797.67,16,18.23,14178.18,12875.35,1302.83,70417.58,65637.58,4780.0,79147.27,1234.23,77913.04,13,17.85,3389.31,3085.56,303.75,68047.18,64987.18,3060.0,79147.27,2371.49,76775.78,16,22.01,10741.48,10368.56,372.92,37160.42,33070.42,4090.0,79147.27,3683.88,75463.39,14,14.65,14388.45,14149.78,238.67,70134.15,67200.82,2933.33,79147.27,5067.44,74079.83,15,18.32,14177.91,13725.41,452.5,71545.35,67718.68,3826.67,79147.27,4028.5,75118.78,11,15.77,7201.08,6985.24,215.83,56774.26,53720.93,3053.33,79147.27,5430.79,73716.48,19,23.16,2057.18,1619.26,437.92,45688.44,41655.11,4033.33,79147.27,1650.46,77496.81,17,23.88,9272.17,8796.0,476.17,55517.05,51087.05,4430.0,79147.27,4107.49,75039.79,15,18.99,5670.08,5110.58,559.5,27714.83,22024.83,5690.0,79147.27,4869.11,74278.16,14,20.87,5039.8,3769.88,1269.92,78699.43,74776.1,3923.33,79147.27,4553.3,74593.98
10,100,32507,138.23191022872925,0.0,180.65,0.9724500525762355,60,40,500.0,82744.76000000001,4645.0,4645.0,2695.0,1800.0,534853.4600000001,39890.0,39890.01,24740.0,517060.92,791472.7000000001,314952.32,753933.37,202108.6,14,20.07,7377.45,6604.2,773.25,64680.71,61410.71,3270.0,79147.27,3668.91,75478.36,17,20.5,3662.45,3070.87,591.58,32773.77,28172.11,4601.67,79147.27,1462.85,77684.42,16,19.71,6710.4,6099.23,611.17,27334.2,23039.2,4295.0,79147.27,2617.93,76529.34,12,17.53,13858.63,13534.46,324.17,50964.39,47637.72,3326.67,79147.27,4060.39,75086.88,13,15.18,10713.44,10238.44,475.0,60929.29,56209.29,4720.0,79147.27,2856.53,76290.74,10,12.75,5156.12,4814.04,342.08,29596.93,26811.93,2785.0,79147.27,5065.38,74081.89,14,16.36,3485.63,3131.13,354.5,78626.1,75086.1,3540.0,79147.27,3956.5,75190.77,10,16.7,10641.2,10362.95,278.25,69385.21,64255.21,5130.0,79147.27,5769.32,73377.95,16,23.11,6597.63,6162.63,435.0,64303.5,59746.83,4556.67,79147.27,3498.72,75648.56,14,18.75,14541.81,14081.81,460.0,56259.36,52594.36,3665.0,79147.27,4582.81,74564.46
10,100,32130,132.23058938980103,0.0,197.79,0.9795955882352941,62,38,1600.0,99277.20999999999,5260.0,5259.99,2390.0,1800.0,493512.44,43320.0,43320.0,23780.0,522886.69,791472.7000000001,308999.3,749018.19,213887.39,15,19.68,2153.1,1791.1,362.0,43715.27,39751.27,3964.0,79147.27,7626.97,71520.3,15,20.71,12477.97,10505.97,1972.0,35375.92,29361.92,6014.0,79147.27,4810.31,74336.97,16,19.64,13945.81,13481.31,464.5,44816.25,39806.25,5010.0,79147.27,3788.79,75358.48,11,15.51,5766.73,5609.73,157.0,48635.66,46205.66,2430.0,79147.27,1529.06,77618.22,13,17.34,12264.06,11976.22,287.83,78271.25,74587.25,3684.0,79147.27,6659.05,72488.23,15,19.15,13961.87,13586.54,375.33,46817.72,42863.72,3954.0,79147.27,6601.24,72546.03,13,17.09,8651.33,8314.83,336.5,51132.86,47948.86,3184.0,79147.27,4560.75,74586.52,16,23.69,8026.34,7706.84,319.5,67179.94,61979.94,5200.0,79147.27,3538.13,75609.14,13,18.5,9670.74,9352.91,317.83,35035.07,31305.07,3730.0,79147.27,5098.97,74048.3,19,26.47,12359.26,11691.76,667.5,42532.5,36382.5,6150.0,79147.27,-1758.72,80906.0
10,100,31503,130.20911645889282,0.0,171.14,0.9735023041474654,52,48,400.0,86253.06,3335.0,3335.01,3420.0,1800.0,559360.72,37200.0,37200.0,30220.0,534333.27,791472.7000000001,271341.16,746104.46,262992.1,13,17.05,3837.84,3679.92,157.92,70025.42,67950.42,2075.0,79147.27,5703.54,73443.73,10,14.03,10741.48,10544.81,196.67,37160.42,35130.42,2030.0,79147.27,7250.73,71896.55,16,21.06,14388.45,14030.95,357.5,70134.15,65450.82,4683.33,79147.27,2405.96,76741.31,13,16.54,14177.91,13802.07,375.83,71545.35,67870.35,3675.0,79147.27,4036.25,75111.03,12,14.31,7201.08,6944.41,256.67,56774.26,54014.26,2760.0,79147.27,4841.38,74305.89,11,19.24,2057.18,1828.43,228.75,45688.44,42461.78,3226.67,79147.27,1456.09,77691.18,10,12.91,9272.17,9100.92,171.25,55517.05,53883.72,1633.33,79147.27,5079.38,74067.9,14,17.49,5670.08,5304.66,365.42,27714.83,24198.16,3516.67,79147.27,4555.25,74592.02,15,16.62,5039.8,4552.3,487.5,78699.43,73979.43,4720.0,79147.27,4824.86,74322.41,16,21.89,13867.07,13129.57,737.5,46101.37,37221.37,8880.0,79147.27,5214.83,73932.44
10,100,33341,131.24866223335266,0.0,214.11,0.9793217840029488,69,31,1600.0,72581.59,9740.0,9739.98,1820.0,1800.0,519580.22000000003,46210.0,46209.99,22400.0,505829.45,791472.7000000001,351551.37,776638.74,154278.08,19,25.83,6851.23,5790.9,1060.33,36945.52,30812.19,6133.33,79147.27,-1674.51,80821.78,16,20.31,9539.5,6846.67,2692.83,29275.68,25005.68,4270.0,79147.27,2811.42,76335.85,18,19.21,7364.63,5651.29,1713.33,66125.25,62005.25,4120.0,79147.27,-1906.46,81053.73,14,18.41,12837.49,12284.99,552.5,52451.76,48141.76,4310.0,79147.27,3352.68,75794.59,11,17.78,8825.08,8430.58,394.5,38037.51,35164.17,2873.33,79147.27,3977.35,75169.92,16,21.28,6147.32,5703.23,444.08,48233.81,43763.81,4470.0,79147.27,576.17,78571.1,19,21.36,1943.11,1467.27,475.83,42067.77,38037.77,4030.0,79147.27,2007.15,77140.12,15,17.55,11094.23,10811.48,282.75,75659.81,72139.81,3520.0,79147.27,710.68,78436.59,17,21.44,3947.08,2840.49,1106.58,62717.25,57173.92,5543.33,79147.27,2915.36,76231.91,18,30.93,4031.92,3014.67,1017.25,68065.86,61125.86,6940.0,79147.27,2064.12,77083.15
10,100,34331,143.25077557563782,0.0,201.84,0.9806405693950178,75,25,400.0,70077.91,4665.0,4665.0,2190.0,1800.0,466862.24000000005,47280.0,47279.99,17420.0,510021.29,791472.7000000001,383502.07,759993.75,126519.22,15,16.47,4941.24,4412.49,528.75,29788.82,25218.82,4570.0,79147.27,2900.09,76247.18,16,17.32,5170.94,4770.19,400.75,56581.32,52071.32,4510.0,79147.27,3344.2,75803.08,17,20.49,2100.3,1672.46,427.83,80473.77,75833.77,4640.0,79147.27,2390.39,76756.89,16,19.58,8644.06,8094.48,549.58,31774.57,27534.57,4240.0,79147.27,2969.2,76178.07,21,25.51,2787.02,1927.02,860.0,43255.97,35030.97,8225.0,79147.27,1610.31,77536.96,18,21.45,14978.09,14605.67,372.42,33640.58,28097.25,5543.33,79147.27,5615.19,73532.08,17,20.22,4424.07,3964.99,459.08,76497.13,71983.79,4513.33,79147.27,5063.23,74084.04,12,18.73,3808.03,3604.36,203.67,46113.51,43868.51,2245.0,79147.27,2222.53,76924.74,15,19.66,8788.33,8431.67,356.67,34156.67,29856.67,4300.0,79147.27,4297.32,74849.95,19,22.4,14435.83,13929.58,506.25,34579.9,30086.57,4493.33,79147.27,1066.51,78080.76
10,100,31760,130.24736499786377,0.0,174.79,0.9898712926692781,56,44,500.0,94745.66,4090.0,4090.0,2660.0,1800.0,447722.51,36910.0,36910.01,28620.0,571043.78,791472.7000000001,299194.32,749643.82,271849.46,15,20.51,7509.38,6830.3,679.08,42880.78,38669.11,4211.67,79147.27,518.57,78628.7,11,13.02,8475.84,7986.84,489.0,32743.96,29123.96,3620.0,79147.27,6029.46,73117.81,13,20.08,13298.31,13057.48,240.83,61879.76,58623.1,3256.67,79147.27,3226.78,75920.49,15,17.56,3045.36,2796.03,249.33,29658.91,26443.91,3215.0,79147.27,3645.5,75501.77,15,20.79,12501.04,11913.37,587.67,30629.56,26932.9,3696.67,79147.27,3953.88,75193.4,12,15.55,9757.19,9296.52,460.67,39139.22,35594.22,3545.0,79147.27,4259.24,74888.03,14,15.65,8546.78,8089.7,457.08,70561.3,66567.97,3993.33,79147.27,6891.05,72256.22,13,18.96,12258.81,11901.39,357.42,60944.51,56537.84,4406.67,79147.27,4201.89,74945.38,13,17.54,9220.69,8920.44,300.25,50933.93,47368.93,3565.0,79147.27,4234.46,74912.81,12,15.15,10132.26,9863.6,268.67,28350.58,24950.58,3400.0,79147.27,4868.06,74279.21
10,100,30299,131.22658395767212,0.0,196.58,0.9810244470314319,65,35,1000.0,72714.16,4450.0,4449.99,2985.0,1800.0,517157.8,45860.0,45860.0,27520.0,515966.95,791472.7000000001,337253.51,767392.66,178713.44,18,19.1,2356.55,1843.21,513.33,27023.0,21773.0,5250.0,79147.27,294.55,78852.73,16,19.15,2725.24,2289.49,435.75,72473.83,68369.83,4104.0,79147.27,2513.43,76633.84,17,19.96,4619.57,4103.73,515.83,31149.28,24794.28,6355.0,79147.27,2053.0,77094.27,16,20.67,8651.33,8272.74,378.58,51132.86,46342.19,4790.67,79147.27,1261.58,77885.69,17,18.62,8026.34,7544.26,482.08,67179.94,60929.94,6250.0,79147.27,2538.85,76608.42,17,22.25,9670.74,9054.57,616.17,35035.07,29865.07,5170.0,79147.27,2622.2,76525.07,15,21.77,12359.26,12004.93,354.33,42532.5,39116.17,3416.33,79147.27,2969.84,76177.44,12,16.63,3129.01,2897.42,231.58,61768.62,58918.62,2850.0,79147.27,3113.6,76033.68,12,15.14,8593.39,8341.48,251.92,67403.95,65104.95,2299.0,79147.27,5193.77,73953.5,19,23.29,12582.73,11912.31,670.42,61458.75,56083.75,5375.0,79147.27,1519.25,77628.02
10,100,32467,132.20823001861572,0.0,188.88,0.9679731820526044,54,46,500.0,94673.42000000001,3715.0,3715.0,3005.0,1800.0,525836.46,36160.0,36160.0,30460.0,523010.04,791472.7000000001,271280.5,753053.37,251729.54,13,17.95,14388.45,14193.45,195.0,70134.15,66924.15,3210.0,79147.27,5101.74,74045.53,18,22.61,14177.91,13701.66,476.25,71545.35,66515.35,5030.0,79147.27,2210.89,76936.39,13,18.27,7201.08,6862.74,338.33,56774.26,53334.26,3440.0,79147.27,2875.1,76272.18,12,19.88,2057.18,1787.6,269.58,45688.44,42448.44,3240.0,79147.27,6319.56,72827.71,10,13.32,9272.17,9151.75,120.42,55517.05,52937.05,2580.0,79147.27,3865.98,75281.3,14,23.13,5670.08,5175.91,494.17,27714.83,23404.83,4310.0,79147.27,3360.01,75787.27,16,18.25,5039.8,4224.8,815.0,78699.43,74889.43,3810.0,79147.27,4134.01,75013.26,16,21.78,13867.07,13332.07,535.0,46101.37,41601.37,4500.0,79147.27,4282.13,74865.14,15,19.26,10951.5,10696.5,255.0,42338.04,38258.04,4080.0,79147.27,2225.94,76921.33,10,14.44,12048.18,11831.93,216.25,31323.54,29363.54,1960.0,79147.27,4044.01,75103.26
10,100,29767,146.24193811416626,0.0,178.92,0.9770687936191426,58,42,400.0,57995.170000000006,3685.0,3685.0,3240.0,1800.0,499198.80999999994,44550.0,44549.99,25640.0,561853.92,791472.7000000001,319937.39,760157.58,241916.53,18,21.45,9541.13,9216.22,324.92,40579.04,36382.37,4196.67,79147.27,1708.3,77438.97,12,15.44,12495.45,12087.95,407.5,32185.24,27975.24,4210.0,79147.27,3338.62,75808.65,15,20.61,4186.65,3750.82,435.83,41937.45,36167.45,5770.0,79147.27,3316.63,75830.64,17,22.45,2430.5,2044.34,386.17,66033.12,59413.12,6620.0,79147.27,3313.89,75833.39,13,17.29,14470.54,14146.79,323.75,56605.79,52322.45,4283.33,79147.27,5213.52,73933.75,15,18.11,7602.89,7247.47,355.42,39606.33,36273.0,3333.33,79147.27,872.79,78274.49,14,16.25,1658.89,1354.81,304.08,76631.86,71948.52,4683.33,79147.27,4067.27,75080.01,13,18.6,1786.63,1403.79,382.83,31030.42,27440.42,3590.0,79147.27,1079.59,78067.68,11,14.85,1722.19,1491.03,231.17,34115.79,32205.79,1910.0,79147.27,2040.35,77106.92,12,13.87,2100.3,1566.96,533.33,80473.77,74520.44,5953.33,79147.27,6364.19,72783.08
10,100,32421,154.25176525115967,0.0,194.45,0.9801766004415011,69,31,1600.0,69626.39,8255.0,8254.99,1715.0,1800.0,475761.69,49540.0,49540.01,18560.0,526507.78,791472.7000000001,349847.08,762725.23,176660.7,17,20.85,4700.67,4184.5,516.17,55855.6,49505.6,6350.0,79147.27,1974.24,77173.03,14,19.93,8640.74,6459.9,2180.83,37801.6,32346.6,5455.0,79147.27,5786.3,73360.97,12,16.28,13834.18,13048.35,785.83,34423.81,28390.48,6033.33,79147.27,2232.8,76914.48,13,20.17,2529.32,2141.82,387.5,27789.4,23909.4,3880.0,79147.27,4550.69,74596.58,15,18.66,4787.49,4255.82,531.67,54119.29,50354.29,3765.0,79147.27,3004.77,76142.5,18,23.01,3912.64,3280.14,632.5,59575.32,53988.65,5586.67,79147.27,1606.37,77540.9,15,17.44,6951.52,6228.69,722.83,43814.82,38138.16,5676.67,79147.27,2300.51,76846.76,12,16.16,5679.4,5386.57,292.83,62421.67,60036.67,2385.0,79147.27,3696.01,75451.26,18,23.96,10643.11,8856.11,1787.0,66793.04,61136.38,5656.67,79147.27,2387.59,76759.69,15,17.98,7947.32,7529.48,417.83,33167.14,28415.47,4751.67,79147.27,1208.21,77939.06
10,100,30481,130.25869631767273,0.5,221.78,0.9786243386243386,54,46,1600.0,70420.16,4125.0,4125.01,5305.0,1800.0,634048.4200000002,32840.0,32840.0,30440.0,516077.89,791472.7000000001,307456.6,777084.53,208621.29,9,15.27,7750.6,7561.43,189.17,47158.84,45348.84,1810.0,79147.27,-3488.77,82636.04,15,24.23,9364.94,8889.11,475.83,63730.27,59953.6,3776.67,79147.27,4319.73,74827.54,15,27.36,3035.16,2573.07,462.08,67526.52,64143.19,3383.33,79147.27,2593.78,76553.49,16,25.86,1756.32,1213.82,542.5,50719.86,45889.86,4830.0,79147.27,7565.94,71581.33,14,21.92,3406.7,2928.78,477.92,79858.21,76121.54,3736.67,79147.27,987.76,78159.51,12,19.5,10485.74,10167.82,317.92,64031.14,61811.14,2220.0,79147.27,-4047.23,83194.5,15,24.08,2342.71,1897.29,445.42,65881.97,61838.63,4043.33,79147.27,4838.86,74308.41,12,19.79,9084.2,8833.79,250.42,74852.91,72132.91,2720.0,79147.27,-1652.73,80800.0,15,23.78,10532.97,9942.14,590.83,40694.3,37270.96,3423.33,79147.27,4498.0,74649.27,13,19.99,12660.82,12287.9,372.92,79594.4,76697.73,2896.67,79147.27,-1227.16,80374.44
10,100,30242,130.2193112373352,0.5,226.84,0.9705945945945946,52,48,1600.0,69917.01,3510.0,3509.99,6530.0,1800.0,524572.15,35420.0,35420.0,31440.0,549402.26,791472.7000000001,268473.76,753927.77,280928.5,12,20.31,9539.5,9186.17,353.33,29275.68,26005.68,3270.0,79147.27,3119.73,76027.54,14,22.75,7364.63,7172.38,192.25,66125.25,63545.25,2580.0,79147.27,3317.26,75830.01,16,27.08,12837.49,12427.91,409.58,52451.76,48731.76,3720.0,79147.27,3656.71,75490.56,14,25.62,8825.08,8391.33,433.75,38037.51,33362.51,4675.0,79147.27,3574.33,75572.94,14,23.2,6147.32,5542.98,604.33,48233.81,43923.81,4310.0,79147.27,5226.7,73920.57,18,26.69,1943.11,1354.61,588.5,42067.77,36687.77,5380.0,79147.27,5165.92,73981.35,12,20.18,11094.23,10828.23,266.0,75659.81,73244.81,2415.0,79147.27,3695.73,75451.54,9,16.55,3947.08,3731.24,215.83,62717.25,60417.25,2300.0,79147.27,4367.33,74779.94,13,22.46,4031.92,3819.0,212.92,68065.86,65360.86,2705.0,79147.27,2517.17,76630.1,12,22.0,4186.65,3953.15,233.5,41937.45,37872.45,4065.0,79147.27,2904.05,76243.22
10,100,34079,139.26144242286682,0.5,259.22,0.9840663900414938,62,38,1600.0,76235.12999999999,4345.0,4345.0,3825.0,1800.0,487963.72000000003,44160.0,44159.99,25400.0,507900.48,791472.7000000001,308466.0,760564.8,199434.48,13,20.62,1665.76,1400.34,265.42,33069.54,30026.21,3043.33,79147.27,5411.87,73735.41,14,21.43,4870.17,4476.42,393.75,45465.79,42045.79,3420.0,79147.27,4267.91,74879.36,15,25.82,7964.87,7566.54,398.33,51856.42,48211.42,3645.0,79147.27,3772.07,75375.2,16,25.48,8315.71,7879.46,436.25,72281.67,66996.67,5285.0,79147.27,3457.4,75689.87,17,28.42,3470.39,3074.14,396.25,37215.47,32080.47,5135.0,79147.27,4418.56,74728.72,12,22.12,3366.28,3031.28,335.0,63063.46,60340.12,2723.33,79147.27,5815.55,73331.72,19,34.96,13816.64,13097.89,718.75,53694.89,47291.55,6403.33,79147.27,-830.6,79977.88,16,26.51,8569.64,8112.14,457.5,42903.57,37990.24,4913.33,79147.27,5099.32,74047.95,15,25.98,12481.18,12103.26,377.92,60263.59,56096.92,4166.67,79147.27,-671.02,79818.29,17,27.88,11714.49,11148.66,565.83,28149.32,22724.32,5425.0,79147.27,166.88,78980.4
10,100,31776,130.28600668907166,0.5,225.5,0.9704168759417379,50,50,1600.0,83982.94,4890.0,4890.0,5045.0,1800.0,517384.08,34480.0,34480.0,32645.0,543793.83,791472.7000000001,270523.08,773026.84,273270.75,12,18.36,5487.95,5215.61,272.33,37584.13,35380.13,2204.0,79147.27,5213.67,73933.6,12,18.99,1838.99,1655.32,183.67,29658.04,27424.71,2233.33,79147.27,4622.24,74525.03,16,25.59,12264.06,11878.31,385.75,78271.25,72602.91,5668.33,79147.27,2355.86,76791.41,13,21.48,13961.87,13679.79,282.08,46817.72,44042.72,2775.0,79147.27,-4616.48,83763.75,12,19.48,8651.33,8353.99,297.33,51132.86,48222.19,2910.67,79147.27,-1618.86,80766.14,17,27.37,8026.34,6678.18,1348.17,67179.94,62319.28,4860.67,79147.27,2739.47,76407.8,15,26.56,9670.74,8555.24,1115.5,35035.07,30571.74,4463.33,79147.27,4204.78,74942.49,18,27.11,12359.26,11896.35,462.92,42532.5,38530.84,4001.67,79147.27,162.46,78984.81,14,23.77,3129.01,2725.42,403.58,61768.62,57874.62,3894.0,79147.27,2444.06,76703.21,10,16.79,8593.39,8454.73,138.67,67403.95,65934.95,1469.0,79147.27,2938.67,76208.6
10,100,31971,131.21616220474243,0.5,249.82,0.97911227154047,65,35,500.0,91000.82,4360.0,4360.01,2545.0,1800.0,593366.5,44080.0,44079.99,25350.0,506340.92,791472.7000000001,335583.01,786405.34,170757.91,16,27.15,9831.41,9434.33,397.08,75067.48,71022.48,4045.0,79147.27,2258.81,76888.46,13,22.94,14941.88,14626.46,315.42,47560.62,44942.29,2618.33,79147.27,-1262.99,80410.26,14,22.41,6917.26,6665.34,251.92,45077.33,42434.0,2643.33,79147.27,-4569.22,83716.49,16,25.26,3921.59,3331.42,590.17,53860.36,48637.02,5223.33,79147.27,3072.89,76074.38,14,23.05,13736.01,13287.01,449.0,72975.62,70031.62,2944.0,79147.27,2717.87,76429.4,20,31.3,6249.92,5356.67,893.25,50230.06,42036.06,8194.0,79147.27,2917.62,76229.66,14,23.38,4087.64,3667.97,419.67,38968.4,34924.4,4044.0,79147.27,3851.35,75295.92,14,22.68,6963.57,6564.74,398.83,73623.45,69289.45,4334.0,79147.27,4572.46,74574.81,12,20.02,9881.0,9708.34,172.67,79397.39,76613.39,2784.0,79147.27,2440.96,76706.31,17,31.64,14470.54,13998.54,472.0,56605.79,49355.79,7250.0,79147.27,-10932.38,90079.65
10,100,31408,153.26170754432678,0.5,237.24,0.9862685043389484,54,46,1600.0,64660.14,6125.0,6125.01,2965.0,1800.0,544367.6799999999,36890.0,36890.01,28170.0,507653.89,791472.7000000001,267909.39,767055.73,239744.5,12,22.8,9340.22,9039.89,300.33,38109.1,35469.1,2640.0,79147.27,-50.1,79197.37,15,26.11,3563.83,2702.67,861.17,30403.91,26489.91,3914.0,79147.27,5465.29,73681.99,12,18.4,4330.69,3544.19,786.5,60377.42,58182.75,2194.67,79147.27,4813.45,74333.83,14,22.34,6503.02,5696.52,806.5,76011.76,72817.09,3194.67,79147.27,2700.2,76447.08,14,28.68,7183.72,6639.22,544.5,49514.71,44594.71,4920.0,79147.27,615.3,78531.98,14,25.35,2087.65,1737.82,349.83,79238.3,76050.3,3188.0,79147.27,3361.97,75785.3,12,19.67,9260.03,8186.36,1073.67,29379.91,26484.24,2895.67,79147.27,3771.62,75375.65,16,25.59,9350.15,8946.48,403.67,73198.08,68628.08,4570.0,79147.27,157.87,78989.41,17,26.54,7869.89,7099.23,770.67,51553.17,44844.17,6709.0,79147.27,1939.72,77207.56,13,21.75,5170.94,4942.77,228.17,56581.32,53917.32,2664.0,79147.27,1641.71,77505.56
10,100,32311,134.23515057563782,0.5,276.75,0.9809911744738629,61,39,400.0,80831.44000000002,4290.0,4290.0,2960.0,1800.0,638896.85,41860.0,41860.0,26620.0,519837.54,791472.7000000001,298531.72,774642.02,221305.82,18,29.12,8028.18,7458.18,570.0,46197.4,41074.07,5123.33,79147.27,674.09,78473.19,21,34.54,10990.83,10342.91,647.92,73260.54,67670.54,5590.0,79147.27,2463.34,76683.93,17,26.56,10133.63,9763.63,370.0,74340.47,70563.8,3776.67,79147.27,-1886.14,81033.41,20,32.0,4278.44,3719.69,558.75,61956.01,56989.34,4966.67,79147.27,2440.13,76707.14,12,19.96,13653.02,13437.61,215.42,70456.54,68233.2,2223.33,79147.27,2453.04,76694.23,17,27.7,8085.02,7837.94,247.08,75003.15,71583.15,3420.0,79147.27,-1343.07,80490.35,17,27.98,6559.85,6265.68,294.17,40551.58,36991.58,3560.0,79147.27,5.71,79141.56,15,24.47,2981.68,2627.1,354.58,44225.37,39845.37,4380.0,79147.27,4023.6,75123.67,16,27.89,4225.1,3945.51,279.58,72311.32,68411.32,3900.0,79147.27,4053.13,75094.14,17,26.52,11895.69,11143.19,752.5,80594.47,75674.47,4920.0,79147.27,3946.87,75200.4
10,100,27093,130.22868609428406,0.5,187.51,0.9739893211289092,45,55,1600.0,78031.33,4615.0,4615.0,5720.0,1800.0,638280.5800000001,30640.0,30640.0,37000.0,476340.12,622669.6999999998,220905.14,606222.21,255434.99,9,15.99,4266.03,3949.36,316.67,80497.77,77211.11,3286.67,62266.97,3655.81,58611.16,10,14.62,13032.91,12820.07,212.83,51245.41,49265.41,1980.0,62266.97,-6104.74,68371.71,11,18.38,3763.88,3560.21,203.67,39715.93,37532.59,2183.33,62266.97,825.95,61441.02,10,16.2,11222.68,11011.84,210.83,68031.4,65051.4,2980.0,62266.97,2270.66,59996.31,11,20.95,6787.03,5703.69,1083.33,64892.2,61318.86,3573.33,62266.97,5487.92,56779.05,16,25.08,13082.27,11924.77,1157.5,58086.43,54536.43,3550.0,62266.97,-1106.25,63373.22,12,19.75,14339.24,13986.74,352.5,60331.01,57601.01,2730.0,62266.97,3681.19,58585.78,12,20.36,5857.73,5446.56,411.17,75056.35,70526.35,4530.0,62266.97,2846.88,59420.09,10,15.25,1954.25,1580.91,373.33,62009.16,59029.16,2980.0,62266.97,2598.43,59668.54,12,20.95,3725.31,3432.15,293.17,78414.92,75568.25,2846.67,62266.97,2291.64,59975.33
10,100,32164,133.2243366241455,0.5,249.97,0.9932932072226999,68,32,1600.0,77817.71,6595.0,6595.01,2675.0,1800.0,618635.49,43710.0,43710.01,21420.0,543829.97,791472.7000000001,380962.25,769272.75,162867.73,15,23.56,4161.69,3787.19,374.5,35262.78,31498.78,3764.0,79147.27,2860.13,76287.15,13,24.58,6910.58,6616.41,294.17,51521.12,48097.78,3423.33,79147.27,3131.29,76015.98,14,22.39,4949.62,4662.95,286.67,60734.95,57648.28,3086.67,79147.27,2114.94,77032.33,15,22.83,9858.72,9215.38,643.33,76847.89,72792.89,4055.0,79147.27,2380.62,76766.66,16,26.2,8175.58,7842.33,333.25,57061.35,52967.35,4094.0,79147.27,2041.06,77106.21,16,25.47,2927.07,2404.16,522.92,68141.76,62565.1,5576.67,79147.27,3948.85,75198.42,18,29.57,10568.18,9807.02,761.17,77752.66,72331.99,5420.67,79147.27,-452.22,79599.49,15,25.23,12374.7,11863.03,511.67,69449.5,64489.5,4960.0,79147.27,584.22,78563.05,15,23.53,4552.33,4045.33,507.0,43533.25,38489.25,5044.0,79147.27,1517.29,77629.99,15,26.62,13339.24,10978.9,2360.33,78330.23,74044.56,4285.67,79147.27,4073.8,75073.47
10,100,30579,130.25036764144897,0.5,223.01,0.9865934065934066,57,43,1600.0,65768.45,5225.0,5225.0,3095.0,1800.0,399792.29,39340.0,39339.99,28800.0,556583.19,791472.7000000001,324489.61,784909.91,232093.57,16,25.84,6040.43,4991.27,1049.17,29906.77,24316.77,5590.0,79147.27,3859.06,75288.22,11,17.96,2265.36,2070.77,194.58,34452.57,31909.24,2543.33,79147.27,3489.28,75658.0,14,21.93,5293.76,4866.26,427.5,39593.41,35253.41,4340.0,79147.27,2658.25,76489.02,14,23.15,8198.11,7150.61,1047.5,73265.26,70028.59,3236.67,79147.27,-1291.5,80438.78,14,21.9,2627.53,2294.19,333.33,36308.21,32924.88,3383.33,79147.27,4957.9,74189.37,15,26.25,11586.39,11164.72,421.67,53965.35,50325.35,3640.0,79147.27,-6651.02,85798.3,14,24.74,4752.63,3912.63,840.0,32285.91,27105.91,5180.0,79147.27,2025.12,77122.16,13,20.72,8640.74,8242.4,398.33,37801.6,33828.27,3973.33,79147.27,-783.9,79931.17,12,20.86,13834.18,13656.68,177.5,34423.81,31830.48,2593.33,79147.27,-2905.15,82052.42,11,19.64,2529.32,2193.9,335.42,27789.4,22929.4,4860.0,79147.27,1204.8,77942.47
10,100,31876,137.22472190856934,0.5,255.74,0.9868421052631579,71,29,1000.0,107117.92,5345.0,5345.01,1810.0,1800.0,494001.87000000005,51960.0,51959.98,18340.0,520893.69,791472.7000000001,360696.52,768716.94,160197.17,18,29.85,14757.98,14239.81,518.17,77647.25,70637.25,7010.0,79147.27,3176.0,75971.27,17,29.18,10737.25,10253.59,483.67,32175.21,25581.88,6593.33,79147.27,2250.74,76896.54,14,24.04,12051.04,11624.87,426.17,57338.61,51915.27,5423.33,79147.27,-1954.71,81101.98,14,29.57,9081.39,8603.06,478.33,70304.36,65501.03,4803.33,79147.27,-1777.84,80925.11,14,20.61,4915.41,3581.24,1334.17,30833.48,25910.15,4923.33,79147.27,4703.12,74444.15,17,26.76,13887.84,13469.93,417.92,34639.38,29536.05,5103.33,79147.27,134.07,79013.21,14,22.8,13162.9,12579.31,583.58,30167.65,24524.32,5643.33,79147.27,4970.29,74176.99,15,29.08,14837.37,14478.28,359.08,35369.46,31059.46,4310.0,79147.27,3196.37,75950.9,15,22.62,6503.02,6125.61,377.42,76011.76,71355.09,4656.67,79147.27,3944.82,75202.45,12,21.23,7183.72,6817.22,366.5,49514.71,46021.38,3493.33,79147.27,4112.93,75034.34
10,100,33825,133.20699000358582,0.5,250.68,0.9709219858156029,56,44,500.0,66164.67,4280.0,4280.0,2860.0,1800.0,591815.1699999999,39460.0,39459.99,27830.0,510414.23,791472.7000000001,273989.18,766348.59,236425.05,20,32.11,10067.06,9611.31,455.75,28463.22,23599.89,4863.33,79147.27,1136.15,78011.12,14,21.53,1927.38,1565.38,362.0,79315.4,76285.4,3030.0,79147.27,1613.18,77534.09,14,21.67,2115.73,1697.39,418.33,37986.14,34542.8,3443.33,79147.27,2575.36,76571.91,13,22.32,13339.24,12525.57,813.67,78330.23,74266.9,4063.33,79147.27,3471.73,75675.54,15,23.94,4330.69,3923.19,407.5,60377.42,56437.42,3940.0,79147.27,4717.01,74430.26,15,24.48,6503.02,6187.69,315.33,76011.76,72358.42,3653.33,79147.27,-1218.56,80365.84,11,19.85,7183.72,6978.31,205.42,49514.71,47714.71,1800.0,79147.27,3436.78,75710.49,12,21.39,2087.65,1773.49,314.17,79238.3,76001.63,3236.67,79147.27,4473.0,74674.28,16,26.78,9260.03,8837.95,422.08,29379.91,24109.91,5270.0,79147.27,1937.6,77209.67,18,36.62,9350.15,8784.4,565.75,73198.08,67038.08,6160.0,79147.27,2981.88,76165.39
10,100,31419,135.1856279373169,0.5,238.3,0.9877664504170528,58,42,400.0,78050.91,3670.0,3670.0,2730.0,1800.0,618012.8400000001,39260.0,39260.0,24660.0,527494.73,791472.7000000001,308272.86,769947.04,219221.86,14,21.55,2256.69,2044.36,212.33,62006.47,58866.47,3140.0,79147.27,1221.48,77925.79,14,21.71,4401.18,4125.43,275.75,75176.31,72386.31,2790.0,79147.27,3408.67,75738.61,16,27.63,10228.12,9717.29,510.83,72601.8,66201.8,6400.0,79147.27,176.22,78971.05,17,27.42,8026.34,7540.68,485.67,67179.94,62206.61,4973.33,79147.27,4322.79,74824.48,11,20.58,9670.74,9084.74,586.0,35035.07,32628.4,2406.67,79147.27,4643.47,74503.8,16,25.42,12359.26,11924.76,434.5,42532.5,39072.5,3460.0,79147.27,5277.4,73869.87,15,23.61,3129.01,2859.09,269.92,61768.62,57228.62,4540.0,79147.27,601.06,78546.22,15,24.3,8593.39,8324.06,269.33,67403.95,62720.62,4683.33,79147.27,2989.02,76158.25,15,23.38,12582.73,12339.98,242.75,61458.75,58462.09,2996.67,79147.27,-2412.5,81559.77,13,22.69,6803.45,6420.54,382.92,72849.43,68979.43,3870.0,79147.27,1298.08,77849.2
10,100,33664,148.22667026519775,0.5,298.28,0.99341840161182,71,29,200.0,86586.80000000002,4995.0,4995.0,1935.0,1800.0,559401.83,51020.0,51020.0,19140.0,498286.57,791472.7000000001,338982.36,776598.17,159304.21,17,26.75,9806.23,9302.06,504.17,51488.97,45878.97,5610.0,79147.27,852.41,78294.87,17,25.96,4054.13,3618.29,435.83,28734.31,25084.31,3650.0,79147.27,3032.79,76114.48,17,32.74,10926.02,10340.18,585.83,45373.15,38753.15,6620.0,79147.27,-995.81,80143.08,17,31.58,10132.26,9630.76,501.5,28350.58,23785.58,4565.0,79147.27,2684.0,76463.27,16,28.24,10568.18,10250.27,317.92,77752.66,74145.99,3606.67,79147.27,1179.03,77968.25,15,24.9,12374.7,11973.45,401.25,69449.5,63714.5,5735.0,79147.27,959.24,78188.03,16,25.69,4552.33,4219.25,333.08,43533.25,39603.25,3930.0,79147.27,2965.8,76181.47,20,42.62,13339.24,12690.9,648.33,78330.23,73275.23,5055.0,79147.27,-1777.03,80924.3,19,28.83,4330.69,3501.53,829.17,60377.42,52444.08,7933.33,79147.27,4239.63,74907.64,18,30.98,6503.02,6065.11,437.92,76011.76,71696.76,4315.0,79147.27,1734.49,77412.78
10,100,27894,146.21732306480408,0.5,221.35,0.934763948497854,57,43,1600.0,98842.02999999998,4935.0,4934.99,5105.0,1800.0,467190.20999999996,38370.0,38369.99,30300.0,564930.33,791472.7000000001,322852.9,772666.06,242077.43,16,28.85,13093.2,12670.7,422.5,61665.98,57099.31,4566.67,79147.27,1133.45,78013.83,10,15.41,5054.96,4694.96,360.0,46245.36,43312.03,2933.33,79147.27,290.96,78856.31,18,30.97,4284.25,3252.58,1031.67,52397.31,45837.31,6560.0,79147.27,6347.35,72799.93,14,24.66,8788.33,8400.0,388.33,34156.67,29413.33,4743.33,79147.27,1909.91,77237.36,11,20.87,14435.83,14029.99,405.83,34579.9,31429.9,3150.0,79147.27,-1121.53,80268.8,13,21.53,6588.99,6156.49,432.5,77046.58,73724.08,3322.5,79147.27,-561.83,79709.11,7,11.41,5628.15,5477.32,150.83,52738.78,51268.78,1470.0,79147.27,4443.47,74703.8,10,15.37,13917.58,13630.08,287.5,43552.6,41690.1,1862.5,79147.27,2465.61,76681.67,18,27.82,13887.84,13215.34,672.5,34639.38,29083.55,5555.83,79147.27,3218.17,75929.1,15,24.45,13162.9,12379.56,783.33,30167.65,25961.82,4205.83,79147.27,681.12,78466.15
10,100,30384,130.24030351638794,0.5,218.46,0.9913922588099364,51,49,1600.0,63251.14,5990.0,5989.98,3020.0,1800.0,542226.0000000001,32640.0,32640.01,33960.0,557865.84,791472.7000000001,287123.31,758722.15,270742.52,11,20.16,4110.16,3900.58,209.58,35697.02,33677.02,2020.0,79147.27,4411.68,74735.59,15,22.48,5616.24,4494.15,1122.08,76303.91,71403.91,4900.0,79147.27,3665.25,75482.03,12,18.35,5151.42,4532.67,618.75,79761.38,77284.71,2476.67,79147.27,3406.83,75740.45,12,18.05,6882.92,5742.09,1140.83,70169.32,66532.66,3636.67,79147.27,4562.03,74585.24,14,24.63,11724.75,11357.66,367.08,53480.4,48623.73,4856.67,79147.27,270.54,78876.73,14,24.33,6547.6,5499.27,1048.33,36110.08,33386.75,2723.33,79147.27,2608.66,76538.61,13,20.99,4686.65,4417.9,268.75,32570.97,29890.97,2680.0,79147.27,371.01,78776.27,14,25.59,7183.72,6846.22,337.5,49514.71,46331.38,3183.33,79147.27,3767.27,75380.0,14,22.53,2087.65,1426.4,661.25,79238.3,75231.63,4006.67,79147.27,7021.5,72125.77,12,21.36,9260.03,9044.2,215.83,29379.91,27223.24,2156.67,79147.27,2665.82,76481.46
10,100,33215,147.23886156082153,0.5,248.73,0.9929390997352162,68,32,1600.0,72738.28,6130.0,6130.0,2165.0,1800.0,520845.77999999997,49620.0,49620.0,19370.0,539500.86,791472.7000000001,356134.63,760957.32,183366.24,13,21.03,9412.32,8580.49,831.83,69229.57,66052.9,3176.67,79147.27,2478.61,76668.66,17,29.83,7040.98,6524.31,516.67,69511.72,64995.05,4516.67,79147.27,2015.64,77131.64,16,25.58,13834.18,13360.26,473.92,34423.81,29463.81,4960.0,79147.27,629.4,78517.87,14,26.44,2529.32,1678.82,850.5,27789.4,23232.74,4556.67,79147.27,8090.07,71057.2,16,25.26,4787.49,4148.32,639.17,54119.29,46909.29,7210.0,79147.27,1918.67,77228.6,14,26.7,3912.64,3436.81,475.83,59575.32,55915.32,3660.0,79147.27,3097.7,76049.57,14,22.02,6951.52,6590.69,360.83,43814.82,38081.49,5733.33,79147.27,2186.34,76960.93,14,20.79,5679.4,4513.15,1166.25,62421.67,55901.67,6520.0,79147.27,5512.76,73634.51,16,26.16,10643.11,10230.19,412.92,66793.04,62499.71,4293.33,79147.27,3431.74,75715.53,16,24.92,7947.32,7545.23,402.08,33167.14,28173.81,4993.33,79147.27,1154.46,77992.81
10,100,32249,135.24484586715698,0.5,253.99,0.9963553530751709,70,30,500.0,59345.97,5075.0,5074.99,2135.0,1800.0,505606.57,45220.0,45219.99,16920.0,538192.08,791472.7000000001,372513.52,787625.85,165678.56,15,22.79,1767.98,1177.15,590.83,40633.8,35333.8,5300.0,79147.27,3470.34,75676.93,16,26.78,11645.07,11158.23,486.83,80829.18,75605.85,5223.33,79147.27,-4849.22,83996.49,17,29.96,12255.74,11900.32,355.42,53220.63,48885.63,4335.0,79147.27,-684.25,79831.52,16,26.48,1658.89,1171.81,487.08,76631.86,72831.86,3800.0,79147.27,4237.04,74910.23,17,25.82,1786.63,1454.63,332.0,31030.42,27130.42,3900.0,79147.27,476.71,78670.56,17,24.6,1722.19,1160.36,561.83,34115.79,28590.79,5525.0,79147.27,2398.54,76748.73,17,24.77,2100.3,1661.13,439.17,80473.77,74915.44,5558.33,79147.27,1555.5,77591.77,16,24.35,8644.06,7840.73,803.33,31774.57,27684.57,4090.0,79147.27,-514.89,79662.16,14,22.32,2787.02,2363.1,423.92,43255.97,40245.97,3010.0,79147.27,3363.05,75784.22,17,26.13,14978.09,14383.5,594.58,33640.58,29162.25,4478.33,79147.27,-5605.97,84753.24
10,100,32694,130.2236533164978,0.5,235.73,0.9763011622031329,55,45,1600.0,73825.57,4040.0,4040.01,5465.0,1800.0,581930.52,44820.0,44819.99,30500.0,523544.53,791472.7000000001,293051.17,779635.82,230493.36,14,24.18,3197.82,2866.16,331.67,63893.52,59518.52,4375.0,79147.27,5013.42,74133.85,17,26.97,2215.21,1650.21,565.0,65419.46,59989.46,5430.0,79147.27,3590.38,75556.89,15,24.55,14459.47,14111.14,348.33,74080.64,68547.31,5533.33,79147.27,3700.36,75446.91,12,19.96,5910.62,5643.62,267.0,34492.56,30829.22,3663.33,79147.27,1253.57,77893.71,12,25.43,12796.43,12526.76,269.67,66105.34,62563.67,3541.67,79147.27,-8019.99,87167.27,14,22.89,7843.74,7452.08,391.67,44256.5,40121.5,4135.0,79147.27,4140.96,75006.31,12,21.39,2112.22,1700.56,411.67,64979.5,60566.17,4413.33,79147.27,3602.54,75544.73,14,23.22,13292.72,12981.05,311.67,70955.0,68060.0,2895.0,79147.27,-1486.49,80633.77,18,28.73,5171.32,4203.82,967.5,34430.98,26427.65,8003.33,79147.27,2794.13,76353.14,11,18.4,6826.02,6650.19,175.83,63317.02,60487.02,2830.0,79147.27,-2751.97,81899.24
10,100,32892,132.2458300590515,0.5,227.43,0.9689726381001549,56,44,1600.0,82704.54999999999,5745.0,5744.99,3225.0,1800.0,1054156.68,45020.0,45020.01,35320.0,504782.28,791472.7000000001,272065.57,773550.83,232716.71,15,23.43,13653.02,13371.44,281.58,117427.56,112282.56,5145.0,79147.27,-3284.21,82431.49,14,24.87,8085.02,7407.52,677.5,125005.25,120370.25,4635.0,79147.27,5358.26,73789.01,11,18.06,6559.85,6294.43,265.42,67585.97,63825.97,3760.0,79147.27,3679.66,75467.61,13,22.34,2981.68,2351.35,630.33,73708.95,69708.95,4000.0,79147.27,3339.15,75808.13,10,16.66,4225.1,4074.26,150.83,120518.87,117558.87,2960.0,79147.27,737.7,78409.57,11,18.82,11895.69,11068.69,827.0,134324.12,130127.45,4196.67,79147.27,4779.28,74367.99,18,29.3,14975.06,13985.56,989.5,53393.1,47626.43,5766.67,79147.27,738.2,78409.08,17,28.86,8294.79,7846.46,448.33,112308.36,108063.36,4245.0,79147.27,-619.96,79767.24,14,24.06,5151.42,4239.75,911.67,132935.63,127258.96,5676.67,79147.27,2338.25,76809.02,14,21.03,6882.92,6320.09,562.83,116948.87,112313.87,4635.0,79147.27,855.58,78291.69
10,100,33058,130.25310611724854,0.5,245.96,0.9952422522915757,58,42,1600.0,84890.7,6965.0,6964.99,4860.0,1800.0,480995.67,40240.0,40240.01,29440.0,507919.3,791472.7000000001,290883.99,763314.13,217035.32,15,24.91,9501.15,9040.82,460.33,31015.54,27530.54,3485.0,79147.27,881.22,78266.06,14,22.64,5487.95,5008.36,479.58,37584.13,33209.13,4375.0,79147.27,5058.98,74088.29,15,22.41,1838.99,1485.24,353.75,29658.04,25601.37,4056.67,79147.27,6828.69,72318.58,16,27.06,12264.06,11102.22,1161.83,78271.25,73324.58,4946.67,79147.27,1869.03,77278.25,13,20.56,13961.87,13544.37,417.5,46817.72,42872.72,3945.0,79147.27,3491.95,75655.32,15,25.39,8651.33,8252.99,398.33,51132.86,46817.86,4315.0,79147.27,-722.03,79869.3,17,28.0,8026.34,6895.34,1131.0,67179.94,62713.28,4466.67,79147.27,-744.09,79891.36,15,23.07,9670.74,7806.99,1863.75,35035.07,31315.07,3720.0,79147.27,5614.78,73532.5,16,27.62,12359.26,12015.51,343.75,42532.5,39352.5,3180.0,79147.27,1721.39,77425.88,15,24.3,3129.01,2773.84,355.17,61768.62,58018.62,3750.0,79147.27,4158.68,74988.59
10,100,25698,130.22268795967102,0.5,197.06,0.9654754307594129,52,48,200.0,57995.170000000006,3880.0,3880.01,3300.0,1800.0,499198.80999999994,39000.0,38999.99,31820.0,492515.26,564200.1,248984.74,562626.46,243530.52,16,26.65,9541.13,8912.8,628.33,40579.04,34275.71,6303.33,56420.01,1876.91,54543.09,11,17.76,12495.45,12218.79,276.67,32185.24,28895.24,3290.0,56420.01,-2727.11,59147.11,10,17.35,4186.65,3947.49,239.17,41937.45,38057.45,3880.0,56420.01,372.02,56047.99,9,13.49,2430.5,2084.67,345.83,66033.12,63453.12,2580.0,56420.01,1059.92,55360.09,13,24.16,14470.54,14017.21,453.33,56605.79,52482.45,4123.33,56420.01,-2680.0,59100.0,15,23.44,7602.89,7142.89,460.0,39606.33,34506.33,5100.0,56420.01,-3715.57,60135.58,10,15.6,1658.89,1339.73,319.17,76631.86,74491.86,2140.0,56420.01,3198.84,53221.16,13,20.03,1786.63,1349.96,436.67,31030.42,26880.42,4150.0,56420.01,-667.15,57087.15,15,21.63,1722.19,1330.53,391.67,34115.79,30182.46,3933.33,56420.01,2920.01,53500.0,11,16.94,2100.3,1771.13,329.17,80473.77,76973.77,3500.0,56420.01,1935.72,54484.29
10,100,32196,131.23002123832703,0.5,253.69,0.9840663900414938,61,39,1600.0,79068.61999999998,4875.0,4875.0,3785.0,1800.0,510437.88,44700.0,44700.0,28660.0,536968.33,791472.7000000001,307413.89,763235.51,229554.44,14,22.7,7015.23,6720.73,294.5,56266.49,52706.49,3560.0,79147.27,4111.37,75035.9,14,22.81,9008.55,8520.22,488.33,35927.12,30467.12,5460.0,79147.27,3968.36,75178.91,17,28.96,8762.58,8391.41,371.17,33182.28,27802.28,5380.0,79147.27,-147.97,79295.25,14,23.03,11941.2,11585.37,355.83,30777.89,27497.89,3280.0,79147.27,3700.04,75447.23,15,24.79,12704.16,12261.66,442.5,43676.01,39816.01,3860.0,79147.27,2314.14,76833.13,12,20.21,6579.79,6313.12,266.67,32526.93,29226.93,3300.0,79147.27,3934.56,75212.72,17,26.09,8605.8,8001.63,604.17,75008.08,69658.08,5350.0,79147.27,1144.18,78003.09,15,26.59,3902.15,3082.99,819.17,76606.39,72026.39,4580.0,79147.27,5507.19,73640.09,17,28.42,6419.15,5872.31,546.83,62098.0,57188.0,4910.0,79147.27,3808.6,75338.67,19,30.08,4130.01,3444.17,685.83,64368.69,59348.69,5020.0,79147.27,-103.25,79250.52
10,100,30313,130.22632455825806,0.5,245.05,0.9801864801864801,56,44,1600.0,86043.80999999998,4285.0,4285.01,8425.0,1800.0,575062.06,40960.0,40960.0,29520.0,522793.67,791472.7000000001,310137.89,783849.93,212655.78,13,25.74,8638.88,8262.05,376.83,39160.61,35773.95,3386.67,79147.27,-300.09,79447.36,14,19.88,1691.36,1041.36,650.0,48422.09,41302.09,7120.0,79147.27,7355.54,71791.73,13,20.95,10741.86,10418.11,323.75,78623.12,75453.12,3170.0,79147.27,757.66,78389.62,19,33.9,10266.89,9652.39,614.5,65397.84,60004.5,5393.33,79147.27,-1472.31,80619.58,16,27.03,11247.08,10892.92,354.17,64713.58,60873.58,3840.0,79147.27,-927.23,80074.51,12,19.71,13289.75,13054.33,235.42,61500.45,58633.78,2866.67,79147.27,-7456.19,86603.46,15,24.39,7128.11,6719.36,408.75,61405.9,57535.9,3870.0,79147.27,3179.34,75967.93,16,28.76,7551.61,7020.36,531.25,51537.35,48094.01,3443.33,79147.27,665.62,78481.66,15,24.78,12359.26,11926.85,432.42,42532.5,38902.5,3630.0,79147.27,2545.92,76601.35,12,19.92,3129.01,2771.09,357.92,61768.62,57528.62,4240.0,79147.27,3274.55,75872.73
10,100,31094,131.22535300254822,0.5,190.82,0.9789045151739453,53,47,1600.0,65507.76,5540.0,5540.0,3545.0,1800.0,593969.62,33390.0,33390.0,35730.0,545728.59,791472.7000000001,294336.53,784062.71,251392.05,9,15.33,4242.42,4042.42,200.0,76796.89,74696.89,2100.0,79147.27,-303.83,79451.1,13,21.49,13995.3,13685.14,310.17,71717.64,66787.64,4930.0,79147.27,-6261.76,85409.03,11,15.99,2087.65,654.82,1432.83,79238.3,75891.63,3346.67,79147.27,11652.4,67494.87,13,22.48,9260.03,9053.36,206.67,29379.91,26476.57,2903.33,79147.27,974.06,78173.21,9,15.28,9350.15,8585.56,764.58,73198.08,69681.41,3516.67,79147.27,1308.95,77838.32,11,18.58,7869.89,7624.31,245.58,51553.17,48783.17,2770.0,79147.27,268.78,78878.5,12,20.3,5170.94,4941.77,229.17,56581.32,53521.32,3060.0,79147.27,-5441.28,84588.55,10,16.56,2100.3,1771.13,329.17,80473.77,78050.44,2423.33,79147.27,6869.78,72277.5,14,23.54,8644.06,7289.31,1354.75,31774.57,27667.91,4106.67,79147.27,-3730.07,82877.34,13,21.27,2787.02,2319.94,467.08,43255.97,39022.64,4233.33,79147.27,2072.98,77074.29
10,100,33152,130.21907806396484,0.5,264.57,0.9809708054871614,63,37,1600.0,65699.06000000001,6295.0,6295.01,2375.0,1800.0,588362.8200000001,42340.0,42340.0,23300.0,492235.99,791472.7000000001,306743.13,780848.71,185492.86,17,30.08,5170.32,4780.15,390.17,53353.52,49530.19,3823.33,79147.27,-677.63,79824.91,12,18.42,11375.67,11184.75,190.92,76359.34,73193.67,3165.67,79147.27,3887.22,75260.06,18,27.8,4332.99,3098.24,1234.75,47811.49,41576.49,6235.0,79147.27,3236.43,75910.85,16,24.2,2115.73,1755.39,360.33,37986.14,34566.14,3420.0,79147.27,78.97,79068.3,17,27.32,13339.24,12896.74,442.5,78330.23,73473.56,4856.67,79147.27,773.96,78373.32,21,33.04,4330.69,3142.86,1187.83,60377.42,54880.08,5497.33,79147.27,4153.64,74993.63,16,28.92,6503.02,6048.36,454.67,76011.76,71327.76,4684.0,79147.27,809.63,78337.64,14,21.9,7183.72,6257.31,926.42,49514.71,46019.71,3495.0,79147.27,2241.4,76905.88,18,24.98,2087.65,1371.49,716.17,79238.3,74854.3,4384.0,79147.27,4562.37,74584.91,18,27.91,9260.03,8868.78,391.25,29379.91,26600.91,2779.0,79147.27,-8441.94,87589.21
10,100,31665,138.2448489665985,0.5,229.07,0.9882864450127877,59,41,200.0,86586.80000000002,3970.0,3970.0,2935.0,1800.0,559401.83,39480.0,39480.01,27540.0,541340.25,791472.7000000001,325869.82,761722.38,215470.43,15,25.19,9806.23,9392.89,413.33,51488.97,48102.3,3386.67,79147.27,-856.5,80003.77,13,22.24,4054.13,3684.13,370.0,28734.31,24724.31,4010.0,79147.27,4356.2,74791.07,16,26.89,10926.02,10351.02,575.0,45373.15,40556.48,4816.67,79147.27,4383.05,74764.23,16,26.48,10132.26,9695.6,436.67,28350.58,24110.58,4240.0,79147.27,2842.31,76304.97,13,21.38,10568.18,10262.35,305.83,77752.66,74429.32,3323.33,79147.27,2522.77,76624.51,14,24.24,12374.7,11846.37,528.33,69449.5,64749.5,4700.0,79147.27,670.39,78476.88,13,20.27,4552.33,4109.83,442.5,43533.25,39756.59,3776.67,79147.27,4336.68,74810.6,13,21.66,13339.24,13075.07,264.17,78330.23,75190.23,3140.0,79147.27,3104.96,76042.31,15,24.41,4330.69,3911.53,419.17,60377.42,54507.42,5870.0,79147.27,3877.38,75269.89,11,16.31,6503.02,6288.02,215.0,76011.76,73795.09,2216.67,79147.27,4513.13,74634.15
10,100,31681,152.30361580848694,0.5,236.14,0.9699741602067183,57,43,300.0,88358.05000000002,3960.0,3959.99,3040.0,1800.0,482218.60000000003,34760.0,34760.01,27560.0,533560.81,791472.7000000001,296618.37,764791.44,236942.44,15,24.47,11988.53,11506.03,482.5,27875.92,23720.92,4155.0,79147.27,3345.65,75801.63,14,23.16,12852.08,12372.08,480.0,47139.04,43837.38,3301.67,79147.27,274.32,78872.95,13,23.81,5972.26,5614.76,357.5,70958.94,67672.27,3286.67,79147.27,2392.45,76754.82,12,20.58,10484.54,10116.21,368.33,42094.0,39419.0,2675.0,79147.27,2839.44,76307.83,18,29.55,7739.66,7095.91,643.75,65060.15,59973.49,5086.67,79147.27,4142.71,75004.56,18,32.99,6504.18,5949.6,554.58,28136.05,22626.05,5510.0,79147.27,3154.34,75992.93,12,22.88,9412.32,9217.74,194.58,69229.57,66449.57,2780.0,79147.27,-1216.11,80363.38,12,20.46,7040.98,6630.98,410.0,69511.72,66151.72,3360.0,79147.27,4126.37,75020.9,11,18.65,13834.18,13597.93,236.25,34423.81,31473.81,2950.0,79147.27,2999.97,76147.3,12,19.59,2529.32,2296.82,232.5,27789.4,26134.4,1655.0,79147.27,4622.14,74525.14
10,100,32425,135.2167308330536,0.5,222.39,0.9859154929577465,58,42,1600.0,98060.15,8140.0,8139.99,2520.0,1800.0,502625.01999999996,44500.0,44500.01,29320.0,528080.15,791472.7000000001,294811.21,767976.54,233268.93,12,19.2,13917.58,13435.08,482.5,43552.6,39912.6,3640.0,79147.27,143.25,79004.02,15,25.01,13887.84,13298.26,589.58,34639.38,30589.38,4050.0,79147.27,3024.61,76122.67,14,21.87,13162.9,11433.31,1729.58,30167.65,25730.99,4436.67,79147.27,4520.88,74626.4,14,22.83,14837.37,13899.03,938.33,35369.46,29562.79,5806.67,79147.27,3551.44,75595.83,15,22.86,6503.02,6045.52,457.5,76011.76,71131.76,4880.0,79147.27,-2462.21,81609.48,12,21.19,7183.72,6649.14,534.58,49514.71,46024.71,3490.0,79147.27,1790.63,77356.64,13,21.29,2087.65,1739.32,348.33,79238.3,74238.3,5000.0,79147.27,4867.29,74279.98,17,26.66,9260.03,7835.86,1424.17,29379.91,23949.91,5430.0,79147.27,4033.66,75113.61,12,18.17,9350.15,8257.65,1092.5,73198.08,70021.41,3176.67,79147.27,3834.59,75312.69,16,23.32,7869.89,7326.98,542.92,51553.17,46963.17,4590.0,79147.27,192.05,78955.22
10,100,32857,146.25550031661987,0.5,251.12,0.9726618705035971,67,33,1600.0,90222.11,8200.0,8199.99,3775.0,1800.0,570550.1699999999,43970.0,43970.01,23020.0,489694.63,791472.7000000001,322598.03,778050.89,167096.61,17,28.84,10167.92,9748.75,419.17,67676.26,63646.26,4030.0,79147.27,-6957.6,86104.87,17,26.66,9825.05,9005.47,819.58,75495.95,69296.79,6199.17,79147.27,2744.67,76402.6,16,25.94,12575.97,11985.13,590.83,40887.73,37418.56,3469.17,79147.27,-932.08,80079.35,13,20.58,5277.51,4743.34,534.17,54115.58,50783.08,3332.5,79147.27,4542.38,74604.89,16,26.72,11808.31,11331.23,477.08,35826.35,31354.68,4471.67,79147.27,290.67,78856.61,14,21.83,13544.31,12245.97,1298.33,69628.51,65446.01,4182.5,79147.27,-262.68,79409.96,15,26.39,7247.82,5191.15,2056.67,34021.1,29301.1,4720.0,79147.27,3664.95,75482.32,19,30.36,14844.09,14305.34,538.75,72799.13,67034.13,5765.0,79147.27,-478.22,79625.49,10,15.65,1709.58,837.5,872.08,75804.0,72999.0,2805.0,79147.27,9938.9,69208.37,19,28.14,3221.55,2628.22,593.33,44295.56,39300.56,4995.0,79147.27,870.85,78276.43
10,100,31685,131.21886777877808,0.5,262.98,0.9771125555935682,66,34,1600.0,76900.69,7245.0,7245.01,2565.0,1800.0,554225.9,41460.0,41460.0,19690.0,518400.5,791472.7000000001,334429.72,782370.47,183970.78,14,22.54,5381.06,5085.89,295.17,65365.6,62385.6,2980.0,79147.27,-2730.49,81877.76,14,23.44,5655.39,5032.14,623.25,58209.73,55103.06,3106.67,79147.27,2561.79,76585.49,20,31.64,14714.52,13914.36,800.17,46379.52,41892.19,4487.33,79147.27,-2167.83,81315.1,17,26.78,7737.35,7106.35,631.0,27995.54,25221.54,2774.0,79147.27,-3240.7,82387.98,19,29.84,12129.92,11406.34,723.58,76134.97,70314.97,5820.0,79147.27,2515.71,76631.56,22,32.52,4101.04,3311.62,789.42,57630.97,51066.97,6564.0,79147.27,2234.39,76912.88,16,26.21,8471.92,7746.92,725.0,65874.54,60844.54,5030.0,79147.27,807.55,78339.72,17,26.43,8643.5,8027.33,616.17,36419.9,32775.9,3644.0,79147.27,-731.57,79878.85,14,20.39,3723.11,2714.19,1008.92,78663.01,75659.01,3004.0,79147.27,7453.35,71693.92,16,23.19,6342.88,5310.54,1032.33,41552.12,37502.12,4050.0,79147.27,2400.06,76747.21
10,100,30784,169.25694680213928,1.0,337.22,0.9802547770700637,78,22,1600.0,71038.76000000001,7260.0,7260.0,1445.0,1800.0,502788.44,55920.0,55920.0,13720.0,541952.81,791472.7000000001,419843.18,903890.33,122109.63,20,38.97,13984.57,13230.4,754.17,56956.94,49576.94,7380.0,79147.27,-19904.41,99051.68,19,40.81,10643.11,9993.11,650.0,66793.04,59673.04,7120.0,79147.27,-16063.13,95210.41,20,38.53,7947.32,7323.15,624.17,33167.14,25637.14,7530.0,79147.27,-14738.91,93886.18,15,25.21,1722.19,316.86,1405.33,34115.79,30222.46,3893.33,79147.27,5398.77,73748.5,14,23.17,2100.3,1068.63,1031.67,80473.77,76103.77,4370.0,79147.27,-1336.47,80483.74,14,29.47,8644.06,8321.56,322.5,31774.57,27404.57,4370.0,79147.27,-7841.85,86989.12,14,33.15,2787.02,2337.19,449.83,43255.97,38785.97,4470.0,79147.27,-10210.74,89358.01,18,35.4,14978.09,14495.59,482.5,33640.58,28880.58,4760.0,79147.27,-16219.17,95366.44,19,37.11,4424.07,3393.74,1030.33,76497.13,70830.46,5666.67,79147.27,-8607.69,87754.96,18,35.4,3808.03,3298.53,509.5,46113.51,39753.51,6360.0,79147.27,-22894.01,102041.29
10,100,35703,158.2506926059723,1.0,361.64,0.9750823994726434,69,31,1600.0,86380.64,6125.0,6125.01,3525.0,1800.0,683583.65,54440.0,54439.99,20030.0,509494.1,791472.7000000001,346275.09,868169.0,163219.02,18,34.84,12074.62,9964.21,2110.42,77062.5,69504.16,7558.33,79147.27,9130.27,70017.0,17,39.63,4266.03,3828.78,437.25,87205.92,82389.59,4816.33,79147.27,-25268.89,104416.17,21,46.78,13032.91,12463.49,569.42,55515.87,48746.87,6769.0,79147.27,-18604.55,97751.82,13,26.08,3763.88,3363.46,400.42,43025.59,39330.59,3695.0,79147.27,-18055.37,97202.64,20,43.2,11222.68,10816.93,405.75,73700.68,68080.68,5620.0,79147.27,-7446.83,86594.1,15,28.81,6787.03,6364.53,422.5,70299.88,65529.88,4770.0,79147.27,-4147.0,83294.27,19,42.73,13082.27,12581.44,500.83,62926.97,55693.63,7233.33,79147.27,-8314.96,87462.23,20,41.11,14339.24,13735.07,604.17,65358.6,60108.6,5250.0,79147.27,-8024.61,87171.88,13,27.38,5857.73,5611.56,246.17,81311.05,77597.05,3714.0,79147.27,-1696.2,80843.47,16,31.09,1954.25,1526.16,428.08,67176.59,62162.59,5014.0,79147.27,5731.86,73415.42
10,100,35083,149.26033210754395,1.0,396.3,0.9807647740440324,80,20,500.0,78578.35,6680.0,6680.0,1710.0,1800.0,524699.19,51670.0,51669.99,14620.0,546252.28,791472.7000000001,447362.92,918438.5,98889.36,17,33.33,8385.25,7448.58,936.67,59237.9,53467.9,5770.0,79147.27,-21941.68,101088.95,22,52.28,8939.25,8360.92,578.33,37205.4,31402.07,5803.33,79147.27,-14720.08,93867.35,16,29.55,4168.74,3219.15,949.58,51019.37,45799.37,5220.0,79147.27,10121.62,69025.65,17,35.46,13493.4,12939.65,553.75,34739.35,29579.35,5160.0,79147.27,-26827.08,105974.35,18,36.83,7099.04,6636.13,462.92,42535.81,38752.48,3783.33,79147.27,-10877.2,90024.47,20,41.67,6902.89,6039.55,863.33,56988.21,51588.21,5400.0,79147.27,-11754.91,90902.18,21,48.47,6758.81,6360.06,398.75,72825.59,67772.26,5053.33,79147.27,-14261.99,93409.26,17,41.95,6241.71,5545.46,696.25,52669.86,48289.86,4380.0,79147.27,-9601.57,88748.84,14,26.65,3272.83,2924.08,348.75,74791.47,71151.47,3640.0,79147.27,-14004.79,93152.06,22,50.11,13316.43,12424.77,891.67,42686.23,35226.23,7460.0,79147.27,-13098.12,92245.39
10,100,34347,160.2650430202484,1.0,336.76,0.971900826446281,68,32,1600.0,67675.05,6325.0,6325.0,2460.0,1800.0,547499.75,42510.0,42509.99,21200.0,507579.74,791472.7000000001,356396.51,889253.4,151183.23,17,37.22,10741.81,9815.31,926.5,56778.93,53452.27,3326.67,79147.27,-31314.34,110461.61,21,42.65,8918.33,8390.16,528.17,74101.98,69058.65,5043.33,79147.27,-17191.6,96338.87,16,29.4,2405.88,2080.88,325.0,44582.38,40722.38,3860.0,79147.27,2011.23,77136.05,11,23.38,4686.65,3942.82,743.83,32570.97,29530.97,3040.0,79147.27,139.41,79007.86,18,36.85,7183.72,6770.89,412.83,49514.71,44731.38,4783.33,79147.27,-17228.63,96375.9,16,28.63,2087.65,1548.49,539.17,79238.3,73779.96,5458.33,79147.27,1098.8,78048.47,18,34.41,9260.03,8571.7,688.33,29379.91,25559.91,3820.0,79147.27,-15259.3,94406.58,18,42.51,9350.15,8778.98,571.17,73198.08,68828.08,4370.0,79147.27,-15188.79,94336.06,20,38.24,7869.89,7025.73,844.17,51553.17,46248.17,5305.0,79147.27,-6217.87,85365.14,13,23.47,5170.94,4425.1,745.83,56581.32,53077.99,3503.33,79147.27,1370.41,77776.86
10,100,31482,131.2280707359314,1.0,332.32,0.9757236588189888,64,36,1600.0,84890.7,5920.0,5919.99,1955.0,1800.0,480995.67,42440.0,42440.0,25820.0,553042.65,791472.7000000001,327056.69,850325.68,225985.95,18,35.31,9501.15,7572.74,1928.42,31015.54,26400.54,4615.0,79147.27,1265.17,77882.1,16,39.76,5487.95,4844.61,643.33,37584.13,31144.13,6440.0,79147.27,-5059.91,84207.18,14,28.77,1838.99,1495.24,343.75,29658.04,26589.71,3068.33,79147.27,9968.17,69179.1,16,33.1,12264.06,11637.56,626.5,78271.25,73311.25,4960.0,79147.27,-12484.85,91632.12,20,43.23,13961.87,13525.62,436.25,46817.72,41551.05,5266.67,79147.27,-17056.22,96203.49,14,29.47,8651.33,8271.58,379.75,51132.86,47592.86,3540.0,79147.27,-7658.3,86805.57,17,33.27,8026.34,7684.26,342.08,67179.94,63754.94,3425.0,79147.27,-5085.02,84232.29,13,29.46,9670.74,9248.16,422.58,35035.07,31500.07,3535.0,79147.27,-7094.58,86241.85,19,37.07,12359.26,11852.68,506.58,42532.5,38250.84,4281.67,79147.27,-20371.75,99519.02,12,22.87,3129.01,2838.26,290.75,61768.62,58460.28,3308.33,79147.27,4724.32,74422.96
10,100,36011,165.25793313980103,1.0,392.69,0.9810766273001923,80,20,500.0,56770.81,5570.0,5570.0,1695.0,1800.0,501525.5,55400.0,55399.99,13820.0,492669.44,791472.7000000001,403421.51,864218.2,89247.93,21,43.3,12402.93,11901.77,501.17,29559.51,24169.51,5390.0,79147.27,-9298.3,88445.57,14,22.89,1767.98,1256.73,511.25,40633.8,34893.8,5740.0,79147.27,6762.44,72384.83,22,46.41,11645.07,10912.23,732.83,80829.18,74519.18,6310.0,79147.27,-15078.1,94225.37,22,54.14,12255.74,11585.32,670.42,53220.63,46627.3,6593.33,79147.27,-14938.16,94085.44,16,33.06,1658.89,1124.39,534.5,76631.86,72651.86,3980.0,79147.27,3830.36,75316.91,16,33.3,1786.63,1377.46,409.17,31030.42,26270.42,4760.0,79147.27,-13687.59,92834.86,19,35.89,1722.19,1118.86,603.33,34115.79,28875.79,5240.0,79147.27,5829.12,73318.15,19,37.62,2100.3,1680.71,419.58,80473.77,74330.44,6143.33,79147.27,-14451.01,93598.28,21,51.82,8644.06,8048.73,595.33,31774.57,26581.24,5193.33,79147.27,-5768.37,84915.64,19,34.24,2787.02,2194.6,592.42,43255.97,37205.97,6050.0,79147.27,-15945.88,95093.15
10,100,29940,135.1992518901825,1.0,295.58,0.9674452554744526,60,40,400.0,83083.77,4600.0,4599.99,2770.0,1800.0,561234.4499999998,44040.0,44039.99,26400.0,523623.39,791472.7000000001,297434.57,849999.45,226188.82,17,33.16,11674.77,11193.77,481.0,36583.2,32045.87,4537.33,79147.27,-9454.89,88602.17,15,31.39,10482.79,10073.45,409.33,55113.27,50549.27,4564.0,79147.27,-7313.72,86461.0,13,26.49,3570.58,3209.33,361.25,49345.59,45945.59,3400.0,79147.27,-11794.7,90941.97,15,36.29,9102.29,8446.04,656.25,70491.19,66307.86,4183.33,79147.27,-5077.84,84225.11,15,33.35,13670.27,13047.77,622.5,37701.61,30968.28,6733.33,79147.27,-12382.24,91529.52,7,12.69,2256.69,1986.69,270.0,62006.47,58356.47,3650.0,79147.27,11128.48,68018.8,14,30.48,4401.18,3972.85,428.33,75176.31,70426.31,4750.0,79147.27,1989.22,77158.05,14,27.49,10228.12,9828.79,399.33,72601.8,67834.46,4767.33,79147.27,-969.7,80116.97,15,31.15,8026.34,7587.84,438.5,67179.94,63335.94,3844.0,79147.27,-9500.73,88648.0,16,33.1,9670.74,9137.24,533.5,35035.07,31424.4,3610.67,79147.27,-15150.59,94297.86
10,100,33561,140.22162675857544,1.0,300.19,0.9531531531531532,54,46,1600.0,63308.91,5015.0,5015.0,6330.0,1800.0,487167.99,36620.0,36620.0,31840.0,505046.16,791472.7000000001,272106.73,820877.8,232939.43,14,28.69,3177.48,2888.48,289.0,31468.94,28618.94,2850.0,79147.27,-1312.25,80459.53,10,23.14,2356.55,2194.55,162.0,27023.0,23816.33,3206.67,79147.27,6777.63,72369.64,8,15.42,2725.24,2604.4,120.83,72473.83,71233.83,1240.0,79147.27,-2830.08,81977.35,12,24.77,4619.57,4132.57,487.0,31149.28,27369.28,3780.0,79147.27,3221.51,75925.77,18,38.85,8651.33,8143.49,507.83,51132.86,46932.86,4200.0,79147.27,-16096.56,95243.83,16,31.34,8026.34,7735.68,290.67,67179.94,63529.94,3650.0,79147.27,-18531.77,97679.04,16,34.72,9670.74,7706.24,1964.5,35035.07,30561.74,4473.33,79147.27,4559.81,74587.47,17,43.4,12359.26,11959.76,399.5,42532.5,38302.5,4230.0,79147.27,-5483.76,84631.03,15,34.65,3129.01,2734.01,395.0,61768.62,57918.62,3850.0,79147.27,7256.01,71891.27,12,25.21,8593.39,8194.73,398.67,67403.95,62263.95,5140.0,79147.27,-6965.59,86112.87
10,100,33353,139.25675582885742,1.0,384.35,0.9558441558441558,73,27,1600.0,65540.85,8170.0,8170.0,1550.0,1800.0,560609.0700000001,50440.0,50440.0,16500.0,544455.92,791472.7000000001,357046.72,863806.71,187409.2,23,48.15,5907.98,4723.9,1184.08,52029.43,43162.76,8866.67,79147.27,-7557.17,86704.44,18,36.64,2957.25,1955.75,1001.5,67361.85,62631.85,4730.0,79147.27,6465.5,72681.77,24,53.14,14406.46,13377.88,1028.58,78182.68,72906.02,5276.67,79147.27,-21711.07,100858.34,11,21.16,9340.22,8623.72,716.5,38109.1,35995.76,2113.33,79147.27,1436.41,77710.86,16,35.16,3563.83,3327.33,236.5,30403.91,27727.24,2676.67,79147.27,-8161.39,87308.67,21,37.52,4330.69,3445.03,885.67,60377.42,54934.08,5443.33,79147.27,-21822.38,100969.66,21,46.45,6503.02,5993.52,509.5,76011.76,69801.76,6210.0,79147.27,-11534.42,90681.7,19,40.48,7183.72,6369.81,813.92,49514.71,44564.71,4950.0,79147.27,-11184.62,90331.89,13,23.24,2087.65,1254.74,832.92,79238.3,74898.3,4340.0,79147.27,11221.11,67926.16,18,42.4,9260.03,8299.2,960.83,29379.91,23546.57,5833.33,79147.27,-9485.95,88633.22
10,100,32864,154.24269652366638,1.0,376.43,0.9716436637390213,78,22,1600.0,83794.64000000001,8115.0,8115.0,1225.0,1800.0,526375.98,50380.0,50380.01,15840.0,503422.01,791472.7000000001,385981.77,842427.44,117440.25,12,31.9,1965.95,1472.37,493.58,55626.77,50063.77,5563.0,79147.27,11376.88,67770.4,20,40.52,14769.38,13398.63,1370.75,45752.32,40995.65,4756.67,79147.27,-948.61,80095.88,21,47.14,11965.42,10886.67,1078.75,40319.15,34375.15,5944.0,79147.27,-14651.64,93798.91,18,40.83,9340.9,8741.82,599.08,47931.41,42223.08,5708.33,79147.27,846.54,78300.73,13,24.48,4101.04,3706.37,394.67,57630.97,54730.3,2900.67,79147.27,-18185.39,97332.66,20,38.36,8471.92,7586.17,885.75,65874.54,60264.54,5610.0,79147.27,-2322.31,81469.59,18,40.95,8643.5,8076.08,567.42,36419.9,30254.9,6165.0,79147.27,-1694.37,80841.64,17,34.62,3723.11,2809.19,913.92,78663.01,74697.34,3965.67,79147.27,215.64,78931.63,16,36.42,6342.88,5090.88,1252.0,41552.12,36752.12,4800.0,79147.27,-8468.97,87616.25,21,41.22,14470.54,13911.46,559.08,56605.79,51639.12,4966.67,79147.27,-17122.48,96269.75
10,100,31895,142.24466371536255,1.0,356.46,0.9763696369636964,70,30,1600.0,88916.94,6235.0,6235.02,2140.0,1800.0,572909.73,48960.0,48960.0,19600.0,524970.61,791472.7000000001,363036.62,882637.8,161933.99,15,30.43,2246.53,1973.86,272.67,61586.62,58529.28,3057.33,79147.27,-16440.68,95587.96,18,44.9,13591.17,12947.51,643.67,42520.53,34599.86,7920.67,79147.27,-10821.19,89968.46,14,27.5,14919.51,14476.67,442.83,35361.77,31034.43,4327.33,79147.27,-16291.92,95439.19,24,50.11,9646.59,9057.18,589.42,28527.88,22497.88,6030.0,79147.27,-34006.13,113153.41,17,34.73,3406.7,2720.53,686.17,79858.21,74937.54,4920.67,79147.27,3904.27,75243.01,17,33.64,10485.74,10240.07,245.67,64031.14,61107.14,2924.0,79147.27,-12194.12,91341.39,15,31.53,2342.71,1893.21,449.5,65881.97,60391.97,5490.0,79147.27,4561.67,74585.6,17,33.05,9084.2,8680.54,403.67,74852.91,70812.91,4040.0,79147.27,-7778.99,86926.26,16,33.36,10532.97,8408.55,2124.42,40694.3,34470.96,6223.33,79147.27,5471.35,73675.92,19,37.22,12660.82,12283.82,377.0,79594.4,75567.73,4026.67,79147.27,-7569.33,86716.6
10,100,32989,154.25105619430542,1.0,395.95,0.9812326485285953,73,27,1600.0,61995.14000000001,4750.0,4749.98,6335.0,1800.0,582492.9800000001,53545.0,53545.01,20300.0,528842.44,791472.7000000001,385021.91,901637.2,143820.53,17,35.06,6660.02,6267.52,392.5,69048.83,65412.16,3636.67,79147.27,-10196.21,89343.48,17,36.56,6182.05,5747.96,434.08,54794.19,49514.19,5280.0,79147.27,-4212.7,83359.97,17,29.4,4332.99,3839.66,493.33,47811.49,42154.82,5656.67,79147.27,3446.93,75700.35,20,45.93,2115.73,1448.64,667.08,37986.14,30806.14,7180.0,79147.27,-2844.53,81991.8,19,36.85,13339.24,12956.4,382.83,78330.23,73760.23,4570.0,79147.27,-29629.37,108776.64,23,48.24,4330.69,3794.44,536.25,60377.42,53447.42,6930.0,79147.27,-18259.62,97406.9,22,42.43,6503.02,6042.69,460.33,76011.76,70543.42,5468.33,79147.27,-8106.55,87253.83,14,34.93,7183.72,6762.56,421.17,49514.71,45883.05,3631.67,79147.27,-10005.37,89152.64,18,34.76,2087.65,1751.07,336.58,79238.3,74983.3,4255.0,79147.27,-7985.75,87133.02,21,51.8,9260.03,8634.2,625.83,29379.91,22443.24,6936.67,79147.27,-22371.3,101518.57
10,100,32068,134.25523114204407,1.0,319.94,0.961633281972265,61,39,200.0,63387.94000000001,4050.0,4050.0,2915.0,1800.0,605669.11,42520.0,42520.0,27200.0,501383.12,791472.7000000001,306298.44,872802.48,195084.67,20,43.1,10652.83,10228.99,423.83,52556.04,46816.04,5740.0,79147.27,-19886.67,99033.95,19,36.88,6660.02,6285.6,374.42,69048.83,65088.83,3960.0,79147.27,-13392.75,92540.02,16,31.08,6182.05,5758.05,424.0,54794.19,49894.19,4900.0,79147.27,-3081.38,82228.66,19,37.77,4332.99,3879.33,453.67,47811.49,43331.49,4480.0,79147.27,-9758.5,88905.77,12,22.36,2115.73,1857.89,257.83,37986.14,34746.14,3240.0,79147.27,-3965.8,83113.07,18,41.07,13339.24,12818.24,521.0,78330.23,73390.23,4940.0,79147.27,-17389.64,96536.91,16,32.42,4330.69,3860.94,469.75,60377.42,56607.42,3770.0,79147.27,-8869.74,88017.01,15,31.13,6503.02,6124.86,378.17,76011.76,71691.76,4320.0,79147.27,-9795.84,88943.12,13,25.43,7183.72,6869.72,314.0,49514.71,46294.71,3220.0,79147.27,-6476.76,85624.03,10,18.7,2087.65,1654.32,433.33,79238.3,75288.3,3950.0,79147.27,11287.34,67859.94
10,100,34048,177.26753735542297,1.0,394.16,0.9860802319961334,92,8,1600.0,77817.71,10845.0,10845.01,610.0,1800.0,618635.49,68460.0,68459.98,4800.0,536696.64,791472.7000000001,493015.72,884752.51,43680.92,21,41.61,4161.69,3610.03,551.67,35262.78,27902.78,7360.0,79147.27,-713.98,79861.25,18,36.55,6910.58,6235.16,675.42,51521.12,46867.78,4653.33,79147.27,-5510.39,84657.67,24,49.87,4949.62,4269.2,680.42,60734.95,53121.61,7613.33,79147.27,-20577.16,99724.43,19,36.87,9858.72,9162.88,695.83,76847.89,71514.56,5333.33,79147.27,-11055.16,90202.43,17,40.99,8175.58,7701.0,474.58,57061.35,52588.02,4473.33,79147.27,-5583.96,84731.23,24,25.61,2927.07,373.32,2553.75,68141.76,57001.76,11140.0,79147.27,7704.88,71442.39,21,45.86,10568.18,9169.02,1399.17,77752.66,70452.66,7300.0,79147.27,-2780.59,81927.86,20,36.58,12374.7,10033.45,2341.25,69449.5,62646.17,6803.33,79147.27,-11340.95,90488.22,17,37.48,4552.33,3737.33,815.0,43533.25,37313.25,6220.0,79147.27,-10616.82,89764.09,21,42.73,13339.24,12681.32,657.92,78330.23,70766.9,7563.33,79147.27,-32805.67,111952.94
10,100,33200,150.2521960735321,1.0,380.93,0.9782634376845836,81,19,200.0,105271.5,5665.0,5665.0,1470.0,1800.0,500622.94000000006,53480.0,53480.01,17400.0,533384.58,791472.7000000001,437037.66,862764.77,96346.92,17,33.36,9126.1,8714.01,412.08,67002.12,63242.12,3760.0,79147.27,-7494.35,86641.62,21,46.35,14435.83,13463.33,972.5,34579.9,27678.24,6901.67,79147.27,-23183.54,102330.81,17,36.51,6588.99,6041.24,547.75,77046.58,71512.58,5534.0,79147.27,2854.21,76293.06,19,38.39,5628.15,5036.15,592.0,52738.78,46378.78,6360.0,79147.27,3987.21,75160.06,22,43.31,13917.58,13348.41,569.17,43552.6,38292.6,5260.0,79147.27,-14210.32,93357.6,16,33.3,13887.84,13363.76,524.08,34639.38,27438.71,7200.67,79147.27,-10904.85,90052.12,22,46.82,13162.9,12515.48,647.42,30167.65,23431.99,6735.67,79147.27,-7448.36,86595.63,19,41.29,14837.37,14390.37,447.0,35369.46,30110.46,5259.0,79147.27,-8251.16,87398.44,14,28.83,6503.02,6053.94,449.08,76011.76,72381.09,3630.67,79147.27,-1832.89,80980.16,15,32.78,7183.72,6679.81,503.92,49514.71,46676.38,2838.33,79147.27,-4807.99,83955.27
10,100,36558,140.20927953720093,1.0,381.0,0.9753828032979976,69,31,1600.0,74267.83,8125.0,8125.01,3675.0,1200.0,525946.99,40490.0,40489.99,19100.0,517403.47,791472.7000000001,352167.95,905085.58,165235.52,19,40.78,9005.91,8377.99,627.92,43934.03,40172.36,3761.67,79147.27,-10761.48,89908.75,12,19.76,8385.25,6245.25,2140.0,59237.9,55384.56,3853.33,79147.27,14673.3,64473.97,19,41.64,8939.25,7544.09,1395.17,37205.4,32568.74,4636.67,79147.27,-1935.21,81082.48,14,30.95,4168.74,3660.07,508.67,51019.37,46879.37,4140.0,79147.27,-26783.64,105930.92,21,43.21,13493.4,13041.07,452.33,34739.35,30754.35,3985.0,79147.27,-28635.11,107782.39,18,40.57,7099.04,6608.13,490.92,42535.81,38642.48,3893.33,79147.27,-15718.0,94865.27,20,50.66,6902.89,6565.05,337.83,56988.21,53423.88,3564.33,79147.27,-20897.69,100044.97,22,43.9,6758.81,6132.23,626.58,72825.59,68127.26,4698.33,79147.27,-13722.84,92870.11,18,35.1,6241.71,5894.04,347.67,52669.86,49722.53,2947.33,79147.27,-13005.22,92152.49,19,34.42,3272.83,2074.91,1197.92,74791.47,69781.47,5010.0,79147.27,3173.04,75974.23
10,100,34493,151.2433454990387,1.0,375.03,0.9783523225241016,79,21,1600.0,86227.8,5255.0,5255.0,6005.0,1800.0,572097.01,53540.0,53539.99,14820.0,499265.9,791472.7000000001,397052.46,867516.63,102213.43,18,36.7,8009.19,7491.27,517.92,60351.32,54541.32,5810.0,79147.27,-11339.65,90486.92,18,35.47,6602.34,6080.26,522.08,62641.55,57381.55,5260.0,79147.27,-13885.41,93032.68,18,36.7,9499.67,8878.0,621.67,37614.21,32354.21,5260.0,79147.27,-11683.77,90831.05,17,32.84,5701.4,5347.65,353.75,56620.39,52420.39,4200.0,79147.27,-2981.95,82129.22,21,45.32,14459.47,13995.31,464.17,74080.64,68087.31,5993.33,79147.27,-10081.66,89228.93,18,38.4,5910.62,5439.78,470.83,34492.56,28942.56,5550.0,79147.27,-6746.52,85893.79,23,50.33,12796.43,12028.93,767.5,66105.34,58722.0,7383.33,79147.27,-13982.91,93130.19,20,43.64,7843.74,7056.66,787.08,44256.5,37726.5,6530.0,79147.27,-8135.96,87283.23,12,18.25,2112.22,1783.47,328.75,64979.5,61759.5,3220.0,79147.27,9823.93,69323.34,18,37.38,13292.72,12871.47,421.25,70955.0,66621.66,4333.33,79147.27,-7030.01,86177.28
10,100,35031,152.2540304660797,1.0,400.6,0.9605001344447432,80,20,1600.0,92120.85999999999,9890.0,9890.0,1235.0,1800.0,615011.86,58340.0,58339.99,13220.0,513364.24,791472.7000000001,401766.48,899246.02,111597.77,17,31.77,13914.85,12691.18,1223.67,64553.02,59193.02,5360.0,79147.27,-30170.19,109317.47,20,40.58,8034.69,7519.35,515.33,73262.32,67178.99,6083.33,79147.27,-9938.35,89085.62,25,52.9,14004.69,13318.27,686.42,37638.12,30428.12,7210.0,79147.27,-20038.74,99186.02,18,42.68,9361.19,8460.19,901.0,57674.41,52274.41,5400.0,79147.27,499.76,78647.52,14,26.13,4242.42,3578.17,664.25,76796.89,73576.89,3220.0,79147.27,-24311.74,103459.02,21,45.27,13995.3,13508.72,486.58,71717.64,66727.64,4990.0,79147.27,-12579.82,91727.09,12,28.47,2087.65,941.99,1145.67,79238.3,76338.3,2900.0,79147.27,6107.15,73040.13,20,40.22,9260.03,7785.78,1474.25,29379.91,20959.91,8420.0,79147.27,65.14,79082.13,24,54.06,9350.15,8805.65,544.5,73198.08,65334.74,7863.33,79147.27,-14297.2,93444.47,18,38.5,7869.89,5621.56,2248.33,51553.17,44659.84,6893.33,79147.27,-3109.28,82256.55
10,100,32314,141.2319712638855,1.0,359.65,0.9915492957746479,64,36,1600.0,93277.34,6855.0,6855.01,4130.0,1800.0,495698.55,41780.0,41780.0,25240.0,526245.43,791472.7000000001,343760.29,930882.18,182485.15,15,30.92,8483.33,6229.16,2254.17,46188.86,41848.86,4340.0,79147.27,5186.21,73961.06,20,42.7,10109.38,9598.05,511.33,43233.28,37639.95,5593.33,79147.27,-36914.7,116061.97,15,30.31,6637.87,5916.21,721.67,57028.29,53411.62,3616.67,79147.27,-32514.57,111661.84,19,35.4,3179.5,2319.34,860.17,72569.5,67259.5,5310.0,79147.27,5166.58,73980.69,19,39.53,12481.18,12172.84,308.33,60263.59,56603.59,3660.0,79147.27,-22196.24,101343.51,17,33.33,11714.49,11347.32,367.17,28149.32,23259.32,4890.0,79147.27,-19309.74,98457.01,19,37.65,13496.0,13225.5,270.5,60184.7,56788.03,3396.67,79147.27,-17456.19,96603.47,17,31.06,4700.67,3879.5,821.17,55855.6,52025.6,3830.0,79147.27,-1618.6,80765.87,17,37.25,8640.74,8264.49,376.25,37801.6,34261.6,3540.0,79147.27,-10518.37,89665.65,18,41.51,13834.18,13469.93,364.25,34423.81,30820.48,3603.33,79147.27,-9233.84,88381.11
10,100,36219,161.3027913570404,1.0,397.24,0.9870754947471292,82,18,1600.0,71715.06000000001,11750.0,11750.0,985.0,1800.0,585147.33,56470.0,56469.99,11820.0,504539.89,791472.7000000001,408409.9,889795.99,96129.98,21,42.55,10449.72,9816.89,632.83,67974.6,61321.27,6653.33,79147.27,-8091.37,87238.64,22,44.7,13995.3,12773.3,1222.0,71717.64,64777.64,6940.0,79147.27,-8722.44,87869.71,19,34.16,2087.65,1100.99,986.67,79238.3,74183.3,5055.0,79147.27,5706.08,73441.2,23,49.56,9260.03,8122.95,1137.08,29379.91,22996.57,6383.33,79147.27,-37600.3,116747.58,19,37.13,9350.15,6587.23,2762.92,73198.08,67258.08,5940.0,79147.27,-1739.83,80887.1,15,28.09,7869.89,6716.56,1153.33,51553.17,47663.17,3890.0,79147.27,-3829.85,82977.12,21,37.01,5170.94,4166.77,1004.17,56581.32,49706.32,6875.0,79147.27,-21058.78,100206.06,19,43.42,2100.3,1674.3,426.0,80473.77,76325.44,4148.33,79147.27,-9182.11,88329.38,23,52.24,8644.06,7232.39,1411.67,31774.57,25499.57,6275.0,79147.27,-11529.3,90676.57,19,28.38,2787.02,1773.69,1013.33,43255.97,38945.97,4310.0,79147.27,-2275.36,81422.63
10,100,29931,130.2334041595459,1.0,295.15,0.9704168759417379,59,41,1600.0,77991.07999999999,5535.0,5535.01,3820.0,1800.0,555887.07,39220.0,39220.0,28170.0,487821.4,626119.5,283930.58,698434.22,203890.82,16,31.37,7184.1,6991.6,192.5,57505.4,54225.4,3280.0,62611.95,-18914.25,81526.21,18,39.26,14258.74,13768.33,490.42,48445.85,43735.85,4710.0,62611.95,-17916.74,80528.69,14,29.13,7350.65,7062.74,287.92,80793.37,77403.37,3390.0,62611.95,-7269.99,69881.94,12,26.73,3447.24,3220.15,227.08,63416.5,59806.5,3610.0,62611.95,-4571.22,67183.17,9,16.52,3224.42,2791.92,432.5,62062.16,59902.16,2160.0,62611.95,9690.78,52921.17,14,26.6,14530.77,13372.44,1158.33,27629.35,23579.35,4050.0,62611.95,-19405.19,82017.14,12,24.41,3921.59,3457.42,464.17,53860.36,49670.36,4190.0,62611.95,4270.62,58341.33,15,32.09,13736.01,12221.84,1514.17,72975.62,67305.62,5670.0,62611.95,-2638.38,65250.33,16,36.7,6249.92,5779.92,470.0,50230.06,45550.06,4680.0,62611.95,-7285.3,69897.25,13,32.35,4087.64,3789.72,297.92,38968.4,35488.4,3480.0,62611.95,-8275.04,70886.99
10,100,32433,134.24690461158752,1.0,353.23,0.9707274625826662,63,37,100.0,104698.2,3785.0,3785.01,2245.0,1800.0,499684.38000000006,47200.0,47199.98,27640.0,526907.97,791472.7000000001,318422.38,850833.36,208485.59,20,43.29,14762.09,14227.92,534.17,30261.91,24591.91,5670.0,79147.27,-5332.5,84479.77,19,39.41,12727.88,12317.05,410.83,68189.83,62926.5,5263.33,79147.27,-10368.62,89515.89,14,29.01,5628.15,5361.98,266.17,52738.78,48938.78,3800.0,79147.27,-5794.98,84942.25,18,35.63,13917.58,13619.74,297.83,43552.6,39802.6,3750.0,79147.27,-11124.92,90272.2,19,39.42,13887.84,13516.18,371.67,34639.38,30026.05,4613.33,79147.27,-7710.91,86858.18,17,35.38,13162.9,12713.4,449.5,30167.65,25444.32,4723.33,79147.27,-8284.01,87431.28,19,43.32,14837.37,14364.12,473.25,35369.46,30006.13,5363.33,79147.27,-8725.52,87872.8,16,37.15,6503.02,6163.86,339.17,76011.76,72088.42,3923.33,79147.27,-4130.77,83278.05,15,31.24,7183.72,6826.31,357.42,49514.71,44531.38,4983.33,79147.27,-11424.18,90571.45,10,19.37,2087.65,1802.65,285.0,79238.3,74128.3,5110.0,79147.27,13535.79,65611.49
10,100,35012,159.2399640083313,1.0,384.38,0.989227360841872,76,24,1600.0,68293.57,6685.0,6685.0,1425.0,1800.0,516651.88,55500.0,55500.0,17420.0,481365.75,791472.7000000001,368504.76,906767.4,112861.0,21,46.55,14652.17,13824.26,827.92,30500.8,22875.8,7625.0,79147.27,-11814.92,90962.2,20,43.7,6040.86,5495.44,545.42,74014.96,67329.96,6685.0,79147.27,-8925.02,88072.29,19,44.05,3912.64,3544.31,368.33,59575.32,55590.32,3985.0,79147.27,-10481.62,89628.89,18,36.84,6951.52,6473.19,478.33,43814.82,38484.82,5330.0,79147.27,-4873.11,84020.38,18,32.97,5679.4,4561.9,1117.5,62421.67,58346.67,4075.0,79147.27,-20492.09,99639.36,20,40.69,10643.11,10031.03,612.08,66793.04,60433.04,6360.0,79147.27,-9462.01,88609.29,20,40.48,7947.32,7455.23,492.08,33167.14,28097.14,5070.0,79147.27,-16118.75,95266.03,14,26.02,1722.19,1435.94,286.25,34115.79,31270.79,2845.0,79147.27,-862.64,80009.92,18,35.36,2100.3,1441.13,659.17,80473.77,72363.77,8110.0,79147.27,6472.66,72674.61,21,37.72,8644.06,7346.14,1297.92,31774.57,26359.57,5415.0,79147.27,-38737.16,117884.43
10,100,28279,134.20488286018372,1.0,283.79,0.9699741602067183,58,42,1600.0,65654.03,7020.0,7019.99,3715.0,1800.0,527503.6400000001,42240.0,42240.0,31520.0,492225.03,622669.6999999998,293830.75,705379.29,198394.28,16,29.85,3834.5,3417.42,417.08,29893.55,25766.88,4126.67,62266.97,-15706.22,77973.19,15,33.07,8294.79,7958.96,335.83,67385.02,63498.35,3886.67,62266.97,-23144.14,85411.11,17,38.53,5151.42,4805.58,345.83,79761.38,74854.71,4906.67,62266.97,-23706.53,85973.51,15,31.96,6882.92,3962.92,2920.0,70169.32,63205.99,6963.33,62266.97,4109.01,58157.96,13,31.43,11724.75,11292.66,432.08,53480.4,49057.06,4423.33,62266.97,-4475.38,66742.35,14,28.56,6547.6,6045.94,501.67,36110.08,31970.08,4140.0,62266.97,-7531.56,69798.53,9,14.49,4686.65,3531.65,1155.0,32570.97,28870.97,3700.0,62266.97,10966.24,51300.73,13,25.43,7183.72,6885.81,297.92,49514.71,46874.71,2640.0,62266.97,-6274.18,68541.15,10,17.19,2087.65,1805.57,282.08,79238.3,75258.3,3980.0,62266.97,-4005.0,66271.97,15,33.3,9260.03,8927.53,332.5,29379.91,25906.57,3473.33,62266.97,-12941.82,75208.79
10,100,31307,144.24805784225464,1.0,362.75,0.982890756302521,79,21,1600.0,79939.58000000002,6965.0,6965.02,1220.0,1800.0,524913.74,53680.0,53680.0,11610.0,519860.73,791472.7000000001,390297.53,850244.12,129563.2,18,42.84,12210.09,11642.17,567.92,71385.52,64695.52,6690.0,79147.27,-2055.23,81202.5,17,32.53,5039.8,4089.38,950.42,78699.43,74712.76,3986.67,79147.27,-8211.5,87358.78,20,39.12,13867.07,13197.74,669.33,46101.37,40240.7,5860.67,79147.27,-10392.61,89539.89,21,40.33,10951.5,10211.5,740.0,42338.04,35998.04,6340.0,79147.27,-15229.09,94376.37,13,29.43,12048.18,11670.52,377.67,31323.54,27889.54,3434.0,79147.27,-8106.23,87253.5,15,37.17,7473.02,7130.1,342.92,42330.31,38726.98,3603.33,79147.27,-8035.16,87182.43,17,31.56,3346.62,1795.2,1551.42,30006.17,25752.17,4254.0,79147.27,3050.27,76097.0,18,36.7,9215.06,8545.06,670.0,55064.19,47130.85,7933.33,79147.27,-8797.38,87944.66,17,36.95,2911.14,2348.48,562.67,71640.93,65536.93,6104.0,79147.27,-1000.03,80147.3,15,36.11,2877.1,2344.43,532.67,56024.24,50550.24,5474.0,79147.27,5.58,79141.69
10,100,33990,176.2652440071106,1.0,391.97,0.9795475389789056,73,27,200.0,87747.71,5350.0,5350.0,2025.0,1800.0,591773.67,48960.0,48960.01,17900.0,508203.21,791472.7000000001,366791.51,853568.95,141411.7,16,32.76,8651.33,7968.41,682.92,51132.86,46377.86,4755.0,79147.27,-1675.13,80822.41,19,47.52,8026.34,7393.43,632.92,67179.94,60729.94,6450.0,79147.27,-13858.95,93006.23,21,42.76,9670.74,9171.16,499.58,35035.07,30740.07,4295.0,79147.27,-6066.37,85213.65,21,41.34,12359.26,12011.76,347.5,42532.5,38840.84,3691.67,79147.27,-15360.68,94507.96,15,34.1,3129.01,2611.92,517.08,61768.62,57713.62,4055.0,79147.27,7806.94,71340.33,16,31.28,8593.39,8150.89,442.5,67403.95,63147.29,4256.67,79147.27,-3219.7,82366.97,19,45.05,12582.73,12041.06,541.67,61458.75,54708.75,6750.0,79147.27,-12703.1,91850.38,19,48.01,6803.45,6255.54,547.92,72849.43,68019.43,4830.0,79147.27,-12671.52,91818.79,13,26.21,4278.44,3762.61,515.83,61956.01,56596.01,5360.0,79147.27,6771.79,72375.48,20,42.94,13653.02,13030.94,622.08,70456.54,65939.87,4516.67,79147.27,-11119.48,90266.75
10,100,36496,172.28637313842773,1.0,457.51,0.9885764499121266,94,6,1600.0,58917.71,9180.0,9180.0,510.0,1800.0,542227.7699999999,60620.0,60620.01,4000.0,505661.32,791472.7000000001,472934.86,948626.47,32726.46,25,51.79,4087.64,3072.47,1015.17,38968.4,32574.4,6394.0,79147.27,-36022.17,115169.45,20,42.15,6963.57,6341.49,622.08,73623.45,68371.78,5251.67,79147.27,-8067.37,87214.64,21,48.79,9881.0,9461.42,419.58,79397.39,74630.73,4766.67,79147.27,-8381.46,87528.73,25,51.91,14470.54,13471.79,998.75,56605.79,47270.79,9335.0,79147.27,-22679.11,101826.38,19,40.24,7602.89,7038.31,564.58,39606.33,34869.67,4736.67,79147.27,-13050.24,92197.52,26,44.64,1658.89,580.73,1078.17,76631.86,69697.86,6934.0,79147.27,-1629.77,80777.04,24,52.53,1786.63,1322.29,464.33,31030.42,25691.42,5339.0,79147.27,-17897.96,97045.23,24,44.11,1722.19,605.28,1116.92,34115.79,26277.79,7838.0,79147.27,2545.36,76601.91,21,40.43,2100.3,1552.8,547.5,80473.77,75288.77,5185.0,79147.27,-15983.67,95130.94,20,40.92,8644.06,6291.14,2352.92,31774.57,26934.57,4840.0,79147.27,-35987.35,115134.63
10,100,37429,139.2413637638092,1.0,403.74,0.9777898158179849,72,28,1600.0,72324.90000000001,6515.0,6515.01,2025.0,1800.0,537267.35,48440.0,48440.01,20700.0,491675.1,791472.7000000001,343450.11,843910.77,148224.98,16,33.72,4344.06,3508.89,835.17,77653.77,71293.77,6360.0,79147.27,3829.38,75317.89,23,56.69,11104.17,10430.84,673.33,36838.52,30941.86,5896.67,79147.27,-5203.54,84350.81,18,38.07,8939.25,8200.5,738.75,37205.4,31670.4,5535.0,79147.27,-6091.13,85238.4,16,32.35,4168.74,3834.32,334.42,51019.37,47064.37,3955.0,79147.27,-7011.22,86158.5,21,46.81,13493.4,12707.98,785.42,34739.35,30117.69,4621.67,79147.27,-16907.39,96054.66,21,40.5,7099.04,6265.29,833.75,42535.81,37345.81,5190.0,79147.27,-11114.2,90261.47,18,38.76,6902.89,6416.22,486.67,56988.21,52648.21,4340.0,79147.27,-13117.45,92264.73,17,34.68,6758.81,6082.56,676.25,72825.59,69448.92,3376.67,79147.27,-953.6,80100.87,24,51.11,6241.71,5647.54,594.17,52669.86,46934.86,5735.0,79147.27,-5875.49,85022.77,16,31.05,3272.83,2715.74,557.08,74791.47,71361.47,3430.0,79147.27,10006.6,69140.67
10,100,32308,136.23762106895447,1.0,313.83,0.9307692307692308,61,39,500.0,57513.13,4345.0,4345.0,2435.0,1800.0,577559.05,42345.0,42344.99,23920.0,543422.1,791472.7000000001,324249.4,859517.19,219172.71,17,32.4,6147.32,5651.9,495.42,48233.81,44140.48,4093.33,79147.27,-25320.28,104467.55,11,19.86,1943.11,1586.86,356.25,42067.77,39721.52,2346.25,79147.27,9401.91,69745.36,23,48.55,11094.23,10377.56,716.67,75659.81,69401.47,6258.33,79147.27,-16141.74,95289.01,12,23.02,3947.08,3579.58,367.5,62717.25,57217.25,5500.0,79147.27,-937.26,80084.54,14,30.66,4031.92,3625.33,406.58,68065.86,65159.61,2906.25,79147.27,-5917.38,85064.65,17,36.44,4186.65,3896.32,290.33,41937.45,36832.45,5105.0,79147.27,-12047.97,91195.24,13,23.05,2430.5,1909.67,520.83,66033.12,61826.87,4206.25,79147.27,8497.32,70649.96,17,41.42,14470.54,14053.96,416.58,56605.79,52600.79,4005.0,79147.27,-13629.53,92776.8,21,40.38,7602.89,7102.97,499.92,39606.33,33468.0,6138.33,79147.27,-17425.61,96572.89,9,18.06,1658.89,1383.98,274.92,76631.86,74845.61,1786.25,79147.27,5476.08,73671.19
10,100,29911,130.2420825958252,1.0,287.83,0.9716963448922212,59,41,1600.0,73437.74,5900.0,5900.0,5240.0,1800.0,560938.92,38020.0,38020.0,28520.0,485802.99,664870.5000000001,292650.35,737496.69,193152.63,9,15.05,4126.25,3187.92,938.33,70528.17,68216.51,2311.67,66487.05,2217.4,64269.65,15,29.06,7971.79,7580.21,391.58,79570.63,75752.3,3818.33,66487.05,-13914.36,80401.41,16,37.08,8899.61,8393.02,506.58,45674.92,41241.59,4433.33,66487.05,-6371.72,72858.76,14,33.55,13965.51,13651.35,314.17,37692.41,34345.74,3346.67,66487.05,-10371.23,76858.27,16,31.26,6947.27,6629.86,317.42,61345.64,57775.64,3570.0,66487.05,-6740.47,73227.51,13,27.29,14301.56,13725.39,576.17,68040.76,63822.43,4218.33,66487.05,-3749.89,70236.94,14,25.75,3420.34,3011.59,408.75,52669.01,49489.01,3180.0,66487.05,-29477.13,95964.17,19,39.81,6478.47,5317.64,1160.83,78175.21,73048.55,5126.67,66487.05,-3873.69,70360.74,15,28.81,5487.95,5035.53,452.42,37584.13,32950.8,4633.33,66487.05,-8783.87,75270.92,13,20.17,1838.99,1005.24,833.75,29658.04,26276.37,3381.67,66487.05,8438.73,58048.32
10,100,29404,130.23265838623047,1.0,274.03,0.9855104281009879,56,44,1600.0,81612.88999999998,5740.0,5740.0,6700.0,1800.0,573132.96,38000.0,37999.99,28140.0,497118.07,664870.5000000001,277879.58,727870.05,219238.5,14,33.33,10971.22,10480.39,490.83,29903.59,25950.26,3953.33,66487.05,-6590.65,73077.69,16,37.0,10737.41,10130.74,606.67,80756.49,75533.16,5223.33,66487.05,-8814.42,75301.47,13,25.13,7745.32,7391.57,353.75,77179.72,74369.72,2810.0,66487.05,-6582.2,73069.25,14,28.4,7364.63,7029.21,335.42,66125.25,63361.92,2763.33,66487.05,-11178.54,77665.59,12,22.32,12837.49,10836.66,2000.83,52451.76,47961.76,4490.0,66487.05,8272.32,58214.72,11,21.32,8825.08,8441.75,383.33,38037.51,34577.51,3460.0,66487.05,-3979.48,70466.53,15,32.9,6147.32,5775.65,371.67,48233.81,44723.81,3510.0,66487.05,-8195.24,74682.29,11,19.75,1943.11,1557.69,385.42,42067.77,38357.77,3710.0,66487.05,7000.76,59486.29,15,29.27,11094.23,10595.9,498.33,75659.81,71499.81,4160.0,66487.05,-16857.77,83344.81,13,24.61,3947.08,3633.33,313.75,62717.25,58797.25,3920.0,66487.05,-16074.36,82561.41
